num;ׁÞד ַבßÊַָ ַבזַֿׁ;ׁÞד;ַבÊַׁם־;NO_DEPT;DAT_DEPT;ַ׃ד ַבּוֹ ַבדÚֹֿ בבßÊַָ;ַבדזײזÚ;ַבדבַֽÙַÊ;ַבּוֹ ַבדׁ׃בו;ppic;flagy;timy;dat_m;dat_y
635;ָבַ;ָבַ;;ָבַ;;ָבַ;ָבַ;;ָבַ;;;;;
1102;ָבַ;ָבַ;;27771;31-Dec-24;ָבַ;ÚÞֿ ַבדהַÞױֹ 12 דזַהלֱ ַםױַב ַבÊםַׁ ַבßוֱַָׁם בֿזׁ ַבד׃ַָׁ;;װׁßֹ ָׁßַÊ ַבֽׁדַה בבדÞַזבַÊ;sader\12\27771.pdf;ÊÞ;02-Jan-24;12;2024
1103;ָבַ;ָבַ;;27770;31-Dec-24;ָבַ;ַׁ׃ַב ÚÞֿ;;ַבוםֶֹ ַבÚַדֹ בבײֶַָׁ;sader\12\27770.pdf;ÊÞ;02-Jan-24;12;2024
1104;ָבַ;ָבַ;;1132;31-Dec-24;ָבַ;ַבֿÚזֹ 1 דזַהלֱ /2021 Êױבםֽ דהÙזדֹ ßַָׁ ַבֽÝַֹׁ ֿוזß;;Þ׃ד ַבד׃ַÝה זַבױהַÚַÊ ַבָֽׁםֹ;sader\12\1132.pdf;ÊÞ;02-Jan-24;12;2024
1105;ָבַ;ָבַ;;ָבַ;;ָבַ;ָבַ;;ָבַ;;ÊÞ;02-Jan-24;;
1106;ָבַ;ָבַ;;2;02-Jan-24;ָבַ;ַבַÚÊדַֿ 2231623;;ַבװִזה ַבדַבםֹ;sader\1\2.pdf;ֽם;02-Jan-24;1;2024
1107;ָבַ;ָבַ;;3;02-Jan-24;ָבַ;Êדֿםֿ ־״ַָ ײדַה;;Þ׃ד ַבװִזה ַבדַבםֹ;sader\1\3.pdf;ÊÞ;02-Jan-24;1;2024
1108;ָבַ;ָבַ;;4;02-Jan-24;ָבַ;ַÚַֹֿ Êװßםב בַּה;;Þ׃ד ַַֹֿׁ ַבדזַֿׁ ַבָװׁםֹ;sader\1\4.pdf;ÊÞ;02-Jan-24;1;2024
1109;27512;ָבַ;;27512;27-Dec-24;ָבַ;ַהÊÝֱַ ַבַֹּֽ בװׁßֹ הַּֽ ַבד׃Êֻדׁ דהַÞױֹ 12/דזַהֶ/2023 ַםױַב ַבÊםַׁ ַבßוֶַָׁם בÞׁםֹ ַבד׃ַָׁ;;װׁßֹ הַּֽ ַבד׃Êֻדׁ;sader\1\27512.pdf;ֽם;02-Jan-24;12;2024
1110;ָבַ;ָבַ;;6;04-Jan-24;ָבַ;װֱַׁ ׃םַַׁÊ הזÚ ָםß ַָ װÝׁזבםֹ Úֿֿ/15 בדםהֱַ ַבÝַז ַבßָםַׁבדזַׂהֹ ַבַ׃Êֻדַׁםֹ /דַָבÛ ַבַװַׁÝ זַבדַׁÞָֹ;;ַב׃םֿ ַבדֿםׁ ַבÚַד;sader\1\6.pdf;ÊÞ;04-Jan-24;1;2024
1111;ָבַ;ָבַ;;ָבַ;;ָבַ;ָבַ;;ָבַ;;ÊÞ;04-Jan-24;;
1112;27771;ָבַ;;27771;31-Dec-24;ָבַ;ÚÞֿ ַבדהַÞױֹ 12/דזַהֶ/2023 ַםױַב ַבÊםַׁ ַבßוֶַָׁם בֿזׁ Þׁםֹ ַבד׃ַָׁ;;װׁßֹ ָׁßַÊ ַבֽׁדה בבדÞַזבַÊ ַבÚַדֹ;sader\1\27771.pdf;ÊÞ;04-Jan-24;12;2024
1113;ָבַ;ָבַ;;8;04-Jan-24;ָבַ;ÚÞֿ ַבדהַÞױֹ 10/דזַהֶ/2022 Êּוםׂ זהױָ ÚזַדַÊ ֿבַבֹ ָֽׁםֹ Úֿֿ/14 דÚ ַבדזַֿ ַבַֽÊםַ״םֹ;;Þ׃ד ַבװִזה ַבדַבםֹ;sader\1\8.pdf;ÊÞ;04-Jan-24;1;2024
1114;286;ָבַ;;286;04-Jan-24;ָבַ;ַהÊÝֱַ ַֹּֽ װׁßֹ utm 3/דזַהֶ/2023 Êּוםׂ ׂזׁÞ ַׁװַֿ Úֿֿ/1 דÚ ַבדזַֿ ַבַֽÊםַ״םֹ;;ַבדױׁÝ ַבֿזבם ַבַ׃בַדם;sader\1\286.pdf;ֽם;07-Jan-24;1;2024
1115;ָבַ;ָבַ;;190;04-Jan-24;ָבַ;ַÚַֹֿ ַÚבַה ַבדהַÞױֹ 6 /דזַהלֱ /2023 ָׁםֿ ַבßÊׁזהם;;ַבÊÚַÞַֿÊ הזׁ׃ / ַבדÊַָÚֹ;sader\1\190.pdf;ֽם;07-Jan-24;1;2024
1116;ָבַ;ָבַ;;ָבַ;04-Jan-24;ָבַ;Êֳדםה ַבֽÝַֹׁ Êֽׁםׁ / ַבָׁםֿ ַבַßÊׁזהם;;ַבדÚַזה / װÚָֹ ַבÊÚַÞַֿÊ;sader\1\Êֳדםה ַבֽÝַֹׁ Êֽׁםׁ.pdf;ֽם;07-Jan-24;1;2024
1117;ָבַ;ָבַ;;191;04-Jan-24;ָבַ;ַÚַֹֿ ַÚבַה ַבדהַÞױֹ 6 דזַהלֱ 2023 Êּוםׂ זהױָ זÊװÛםב דַßהֹ בַֽד;;װׁßֹ ַבָׁזו בבדÞזבַÊ זַבÊַֹּׁ  זַב־ֿדַÊ ַבÚַדֹ;sader\1\191.pdf;ֽם;07-Jan-24;1;2024
1118;ָבַ;ָבַ;;13;07-Jan-24;ָבַ;ַב־״ֹ ַבÊװÛםבֹ בÚַד 2024;;Þ׃ד ַבדÊַָÚֹ זַבÊ־״ם״;;ֽם;07-Jan-24;1;2024
1119;ָבַ;ָבַ;;15;07-Jan-24;ָבַ;ַÚַֹֿ ַÚבַה ַבדהַÞױֹ 2 / דזַהלֱ 2023 ַבÊֳדםה Úבל ַבזַֽֿÊ ַבָֽׁםֹ;;ַב׃םֿ דÚַזה ַבÚַד בבװִזה ַבַַֿׁםֹ זַבדַבםֹ;sader\1\15.pdf;ֽם;07-Jan-24;1;2024
1120;ָבַ;ָבַ;;ָבַ;;ָבַ;ÊÞ״םÚ;;ָבַ;;ֽם;07-Jan-24;;
1121;ָבַ;ָבַ;;12;07-Jan-24;ָבַ;ÊÞ״םÚ וֿÝ;;Þ׃ד ַבַהÞַ׀ ַבָֽׁם;sader\1\12.pdf;ֽם;07-Jan-24;1;2024
1122;ָבַ;ָבַ;;14;07-Jan-24;ָבַ;ָהֱַ זÊּוםׂ ׂזׁÞ ַׁװַֿ Úֿֿ 1 דÚ ַבדזַֿ ַבַֽÊםַ״םֹ;;Þ׃ד ַב׃ם״ֹׁ זַבÊזּםוֹ ַבָֽׁם;sader\1\14.pdf;ֽם;07-Jan-24;1;2024
1123;ָבַ;ָבַ;;17;07-Jan-24;ָבַ;ÚÞֿ ַבֿÚזֹ 2 דזַהלֱ /2022;;Þ׃ד ַבד׃ַÝה זַבױהַÚַÊ ַבָֽׁםֹ;sader\1\17.pdf;ֽם;07-Jan-24;1;2024
1124;ָבַ;ָבַ;;19;07-Jan-24;ָבַ;ַÚÊדַֿ ָהß דַׁ׃ב UTM;;Þ׃ד ַבװִזה ַבדַבםֹ;sader\1\19.pdf;ֽם;07-Jan-24;1;2024
1125;ָבַ;ָבַ;;21;08-Jan-24;ָבַ;ַÚבַה דהַÞױַÊ;;ַב׃םֿ ַבדֿםׁ ַבÚַד;sader\1\21.pdf;ÊÞ;08-Jan-24;1;2024
1126;ָבַ;ָבַ;;18;07-Jan-24;ָבַ;הÙַד ־״ֹ ַבÊÚַÞַֿÊ ַבַßÊׁזהם;;ַב׃םֿ ַבדֿםׁ ַבÚַד;sader\1\18.pdf;ÊÞ;08-Jan-24;1;2024
1127;ָבַ;ָבַ;;23;08-Jan-24;ָבַ;דÚבזדַÊ / ּֿזב ַבװׁßַÊ ַבÚַׁÞםֹ Ûםׁ ַבֽßזדםֹ;;Þ׃ד ַבÊ־״ם״ זַבדÊַָÚֹ;sader\1\23.pdf;ÊÞ;08-Jan-24;1;2024
1128;ָבַ;ָבַ;;25;08-Jan-24;ָבַ;ÚÞֿ ַבדהַÞױֹ 12 דזַהלֱ 2023 ַםױַב ַבÊםַׁ ַבßוֶַָׁם בֿזׁ Þׁםֹ ַבד׃ַָׁ ַב׃ßהםֹ;;Þ׃ד ַבװִזה ַבוהֿ׃םֹ;sader\1\25.pdf;ÊÞ;08-Jan-24;1;2024
1129;ָבַ;ָבַ;;29;09-Jan-24;ָבַ;דהÙזדֹ ַבֽÝׁ בבֽÝַֹׁ ָױׁ;;ַב׃םֿ ַבדÚַזה בבװִזה ַבÝהםֹ;sader\1\29.pdf;ÊÞ;09-Jan-24;1;2024
1130;ָבַ;ָבַ;;28;09-Jan-24;ָבַ;Ê׃ּםב ׃םַַׁÊ;;Þ׃ד ַבװִזה ַבוהֿ׃םֹ;sader\1\28.pdf;ֽם;09-Jan-24;1;2024
1131;ָבַ;ָבַ;;29;;ָבַ;ָבַ;;ָבַ;;ֽם;09-Jan-24;;
1132;ָבַ;ָבַ;;31;09-Jan-24;ָבַ;Ê׃בםד דזÞÚ ַבל װׁßֹ ַבַׁײ ַב״םָֹ ַבדהַÞױֹ 9/דזַהֶ/2023 ַÚַֹֿ Êַוםב ָהַםֹ ַבַֿׁ׃ַÊ זַבָֽזֻ ׃ַָÞַ;;Þ׃ד ַבװִזה ַבוהֿ׃םֹ װÚָֹ ַבדװַׁםÚ;sader\1\31.pdf;ֽם;10-Jan-24;1;2024
1133;ָבַ;ָבַ;;30;09-Jan-24;ָבַ;ַÚבַה דהַÞױֹ;;Þ׃ד ַבÊ־״ם״;sader\1\30.pdf;ֽם;10-Jan-24;1;2024
1135;ָבַ;ָבַ;;35;10-Jan-24;ָבַ;Ê׃Ýםה ַבֽÝַׁו Êֽׁםׁ;;Þ׃ד ַבֽÝׁ ַבָֽׁם;sader\1\35.pdf;ֽם;10-Jan-24;1;2024
1136;ָבַ;ָבַ;;34;10-Jan-24;ָבַ;Ê׃בםד דזÞÚ;;Þ׃ד ַבװִזה ַבוהֿ׃םֹ / װÚָֹ ַבדװַׁםÚ;sader\1\34.pdf;ֽם;10-Jan-24;1;2024
1137;ָבַ;ָבַ;;36;10-Jan-24;ָבַ;דהÙזדֹ ַבֽÝׁ ַבָֽׁם  בבֽÝַֹׁ ָױֹׁ;;Þ׃ד ַבֽÝׁ ַבָֽׁם;sader\1\36.pdf;ֽם;10-Jan-24;1;2024
1138;ָבַ;ָבַ;;37;10-Jan-24;ָבַ;ַ־ַּׁ דזַֿ זßׁÝַה װׁßֹ ה־ָֹ ַבָױֹׁ;;Þ׃ד ַבװִזה ַבָֽׁםֹ וםֶֹ דװׁזÚ ַׁׂÚֹ ַװַּׁ ַבדַהÛׁזÝ;sader\1\37.pdf;ֽם;10-Jan-24;1;2024
1139;ָבַ;ָבַ;;38;11-Jan-24;ָבַ;ÚÞֿ ַבדהַÞױֹ 10 דזַהלֱ 2022 Êּוםׂ ÚזַדַÊ Úֿֿ 14;;Þ׃ד ַבװִזה ַבדַבםֹ;sader\1\38.pdf;ֽם;11-Jan-24;1;2024
1140;ָבַ;ָבַ;;44;14-Jan-24;ָבַ;דÊ״בַָÊ ַÚבַה;;Þ׃ד ַבװִזה ַבוהֿ׃םֹ;sader\1\44.pdf;ֽם;15-Jan-24;1;2024
1141;ָבַ;ָבַ;;47;15-Jan-24;ָבַ;Þׁײ Êדזםב דװׁזÚ דםהֱַ ַבÝַז ַבßָםׁ;;Þ׃ד ַבÊ־״ם״ זַבדÊַָÚֹ װÚָֹ ַבÊ־״ם״;sader\1\47.pdf;ֽם;15-Jan-24;1;2024
1142;ָבַ;ָבַ;;45;15-Jan-24;ָבַ;ַ־ַּׁ דזַֿ דװׁזÚ ַׁׂÚֹ ַװַּׁ ַבדַהßׁזÝ;;וםֶֹ דװׁזÚ דםהֱַ ַבÝַז ַבßָםׁ;sader\1\45.pdf;ֽם;15-Jan-24;1;2024
1143;ָבַ;ָבַ;;46;15-Jan-24;ָבַ;Ê׃בםד דזÞÚ ָׁßַÊ ַבֽׁדה ַםױַב ַבÊםַׁ ַבßוֶַָׁם בÞׁםֹ ַבד׃ַָׁ;;Þ׃ד ַבװִזה ַבוהֿ׃םֹ װÚָֹ ַבדװַׁםÚ;sader\1\46.pdf;ֽם;15-Jan-24;1;2024
1144;ָבַ;ָבַ;;1090;15-Jan-24;ָבַ;דזÞÝ בÛַםֹ11-1-2024;;ַבזַֹׁׂ;sader\1\דזÞÝ בÛַםֹ11-1;ֽם;15-Jan-24;1;2024
1145;ָבַ;ָבַ;;50;15-Jan-24;ָבַ;ַ׃Êבַד דßֶַה בַֽד װׁßֹ 3utm /דזַהֶ/2022;;Þ׃ד ַבד׃ַÝה זַבױהַÚַÊ ַבָֽׁםֹ;sader\1\50.pdf;ֽם;16-Jan-24;1;2024
1146;ָבַ;ָבַ;;58;17-Jan-24;ָבַ;ַבדהַÞױֹ 2/דזַהֶ/2022 Êּוםׂ ÚזַדַÊ ָֽׁםֹ;;Þ׃ד ַבװִזה ַבדַבםֹ;sader\1\58.pdf;ֽם;17-Jan-24;1;2024
1147;ָבַ;ָבַ;;55;16-Jan-24;ָבַ;ַÚַֹֿ ַÚבַה ַבדהַÞױֹ 19 דזַהלֱ 2023 Êז׃םÚ ָהַםֹ דםהֱַ ־זׁ ַבָׂםׁ;;ַבװִִזה ַבָֽׁםו / דֿםׁ דװׁזÚ Ê״זםׁ  ַבדזַהלֱ/ ֶׁם׃ דוהֿ׃םה ּÊָׁ ־בÝ ַָּׁ;sader\1\55.pdf;ÊÞ;17-Jan-24;1;2024
1148;1227;ָבַ;;1227;16-Jan-24;ָבַ;ÚÞֿ ַבֿÚזֹ 1/דזַהֶ/2021 Êױבםֽ ַבֽÝַֹׁ ֿוזß;;plm cranes bv;sader\1\1227.pdf;ÊÞ;17-Jan-24;1;2024
1149;ָבַ;ָבַ;;61;18-Jan-24;ָבַ;ַבדהַÞױֹ 4/דזַהֶ/2023 Êּוםׂ זהױָ זÊװÛםב דהÙזדֹ דַםßׁזםֹ ֽֿםֹֻ Ê״זםׁ ַÊױַבַÊ ַבדזַהֶ;;Þ׃ד ַבַÊױַבַÊ זַבׁױֿ ַבָֽׁם וםֶֹ דװׁזÚ ַÊױַבַÊ ַבדזַהֶ;sader\1\61.pdf;ֽם;18-Jan-24;1;2024
1150;ָבַ;ָבַ;;62;18-Jan-24;ָבַ;דהַÞױֹ 12/דזַהֶ/2023 ַםױַב ַבÊםַׁ ַבßוׁםֶַם בֿזׁ Þׁםֹ ַבד׃ַָׁ ַב׃ßהםֹ;;Þ׃ד ַבװִזה ַבוהֿ׃םֹ װÚָֹ ַבדװַׁםÚ;sader\1\62.pdf;ֽם;18-Jan-24;1;2024
1151;ָבַ;ָבַ;;63;18-Jan-24;ָבַ;דהַÞױֹ 10/דזַהֶ/2023 ַהװֱַ ßÊÝ זÊװּםׁ ״ׁםÞ דֿ־ב דםהֶַם ַד Þױׁ ַבװדַבם זַבּהזָם;;Þ׃ד ַבװִזה ַבוהֿ׃םֹ /װÚָֹ ַבדװַׁםÚ;sader\1\63.pdf;ֽם;18-Jan-24;1;2024
1152;ָבַ;ָבַ;;64;18-Jan-24;ָבַ;ַÚַֹֿ ַÚבַד דהַÞױֹ 17 / זַהלֱ 2023 Êֳוםב װָßֹ ßוֶַָׁםֹ דםהֱַ ַד Þױׁ ַבּהזָם Êֽזםב ־״ ַבוזֶַם בÞַָבז;;Þ׃ד ַבװִִזה ַבוהֿ׃םֹ;sader\1\64.pdf;ֽם;18-Jan-24;1;2024
1153;1493;ָבַ;;1493;18-Jan-24;ָבַ;ַÚַֹֿ ַÚבַה דהַÞױֹ ַבדׁÞדֹ 11/דזַהֶ/2023 Êּוםׂ דַßהֹ ÊהÙםÝ ַבַ׃״ֽ;;׃דַ ַבװ״ בב־ֿדַÊ ַבָֽׁםֹ;sader\1\1493.pdf;ֽם;21-Jan-24;1;2024
1154;1495;ָבַ;;1495;18-Jan-24;ָבַ;ַÚַֹֿ ַÚבַה ַבדהַÞױֹ 17/דזַהֶ/2023 Êַוםב װָßֹ ßוֶַָׁםֹ בדםהֱַ ַד Þױׁ;;הֿל ַבׁםַײ;sader\1\1495.pdf;ֽם;21-Jan-24;1;2024
1155;1496;ָבַ;;1496;18-Jan-24;ָבַ;ַÚַֹֿ ַÚבַה דהַÞױֹ 17/דזַהֶ/2023 Êַוםב װָßֹ ßוֱַָׁ בדםהֱַ ַד Þױׁ;;Úַּ ַבּהזָ;sader\1\1496.pdf;ֽם;21-Jan-24;1;2024
1156;1555;ָבַ;;1555;21-Jan-24;ָבַ;ַהÊÝֱַ ַֹּֽ דױׁÝ ַבֻÞֹ ַבֿזבם ַבַ׃בַדם ׃ÝÊֹּ דהַÞױֹ 19/דזַהֶ/2023 Úבם ֽםֿׁ הÚדֹ;;דױׁÝ ַבֻÞֹ ַבֿזבם  ַבַ׃בַדם;sader\1\1555.pdf;ֽם;21-Jan-24;1;2024
1157;ָבַ;ָבַ;;65;21-Jan-24;ָבַ;ÚÞֿ ַבדהַÞױֹ 3/דזַהֶ/2022;;Þ׃ד ַבװִזה ַבָֽׁםֹ וםֶֹ Ê״זםׁ ַבװִזה ַבָֽׁםֹ;sader\1\65.pdf;ֽם;21-Jan-24;1;2024
1158;1417;ָבַ;;1417;18-Jan-24;ָבַ;ַ״בַÞ דָבÛ ׁÞד ַבַÚÊדַֿ ַבד׃Êהֿם 2131621 בױַבֽ װׁßֹ ַֿםזז ַבßזׁםֹ בÚÞֿ ַהװֱַ ַב״ׁםÞ ַבַָׁ״ ָםה דםהֱַ ַבÝַז ַבßָםׁ זַד Þױׁ;;ַבדױׁÝ ַבÚַׁÞ בבÊַֹּׁ Þ׃ד ַבַÚÊדַַֿÊ ַבד׃Êהֿםֹ;sader\1\1417.pdf;ֽם;21-Jan-24;1;2024
1159;ָבַ;ָבַ;;73;21-Jan-24;ָבַ;Ê׃Ýםה ַבֽÝַֹׁ Êֽׁםׁ װׁßֹ ַבױהַÚַÊ ַבֻÞםבֹ HEISCO;;Þ׃ד ַבֽÝׁ ַבָֽׁם;sader\1\73.pdf;ֽם;21-Jan-24;1;2024
1160;ָבַ;ָבַ;;68;21-Jan-24;ָבַ;ֿÚזֹ ַָ׃בזָ ַבÚ״ֱַ ַבזֽםֿ Êַוםב ַבדßֶַה ַבֶׁם׃םֹ בב׃ַָֽÊםה ַבַׁםֹ+ַבÝÊֽ ַבדָםה;;Þ׃ד ַבד׃ַÝה זַבױהַÚַÊ ַבָֽׁםֹ;sader\1\68.pdf;ֽם;22-Jan-24;1;2024
1161;ָבַ;ָבַ;;69;21-Jan-24;ָבַ;ַבדהַÞױֹ ַב־ַױֹ ָÊּוםׂ ּוַׂ vfd בבֽÝַֹׁ ָױֹׁ;;Þ׃ד ַבד׃ַÝה זַבױהַÚַÊ ַבָֽׁםֹ;sader\1\69.pdf;ֽם;22-Jan-24;1;2024
1162;ָבַ;ָבַ;;70;21-Jan-24;ָבַ;ַבדהַÞױֹ ַב־ַױֹ ָÊּוםׂ ַבדזבַֿÊ ַבֶׁם׃םֹ זַבßזבַׁÊ זַבַהÊׁßזבׁ בב׃ַָֽÊםה ַבַׁםֹ זַבÝÊֽ ַבדָםה;;Þ׃ד ַבד׃ַÝה זַבױהַÚַÊ ַבָֽׁםֹ;sader\1\70.pdf;ֽם;22-Jan-24;1;2024
1163;ָבַ;ָבַ;;72;21-Jan-24;ָבַ;Êּוםׂ דזַֿ ַֽÊםַ״םֹ בב׃ַָֽÊםה ַבַׁםֹ זַבÝÊֽ ַבדָםה;;Þ׃ד ַבד׃ַÝה זַבױהַÚַÊ ַבָֽׁםֹ;sader\1\72.pdf;ֽם;22-Jan-24;1;2024
1164;ָבַ;ָבַ;;71;21-Jan-24;ָבַ;Êּוםׂ ׁÝַ׃ַÊ בב׃ַָֹֽ ַבװםדֱַ;;Þ׃ד ַבד׃ַÝה זַבױהַÚַÊ ַבָֽׁםֹ;sader\1\71.pdf;ֽם;22-Jan-24;1;2024
1165;ָבַ;ָבַ;;75;22-Jan-24;ָבַ;װֱַׁ ׃םַַׁÊ ּֿםֹֿ הזÚ בַהֿßׁזׂ ÊזםזÊַ Úֿֿ15;;ַב׃םֿ ַבדֿםַׁבÚַד;sader\1\75.pdf;ֽם;22-Jan-24;1;2024
1166;ָבַ;ָבַ;;79;22-Jan-24;ָבַ;דװַׁםÚ ַב־״ֹ ַבÊװÛםבםֹ בÚַד 2024;;ַבÞַהזהם;sader\1\79.pdf;ֽם;22-Jan-24;1;2024
1167;ָבַ;ָבַ;;76;;ָבַ;ָבַ;;ָבַ;;ֽם;22-Jan-24;;
1168;ָבַ;ָבַ;;76;22-Jan-24;ָבַ;ַÚÊדַַֿÊ;;Þ׃ד ַבװִזה ַבדַבםֹ װÚָֹ ַב־״ֹ ַבַ׃Êֻדַׁםֹ;sader\1\76.pdf;ֽם;22-Jan-24;1;2024
1169;ָבַ;ָבַ;;77;22-Jan-24;ָבַ;״בָ דÚבזדַÊ;;Þ׃ד ַבÊֿÞםÞ זַבׁÞַָֹ ַבַֿ־בםֹ װÚָֹ דÊַָÚֹ ÊÞַׁםַׁבׁÞַָֹ ַבדַבםֹ;sader\1\77.pdf;ֽם;22-Jan-24;1;2024
1170;ָבַ;ָבַ;;78;22-Jan-24;ָבַ;דÊ״בַָÊ ַÚבַה;;Þ׃ד ַבװִזה ַבוהֿ׃םֹ;sader\1\78.pdf;ֽם;22-Jan-24;1;2024
1172;ָבַ;ָבַ;;82;22-Jan-24;ָבַ;ÊזÞÝ utm  ׂזׁÞ ַ״Ýֱַ זׂזׁÞ Êבזֻ;;ַבÞַהזהם;sader\1\82.pdf;ֽם;22-Jan-24;1;2024
1173;ָבַ;ָבַ;;83;22-Jan-24;ָבַ;דװַׁםÚ ַב־״ֹ ַבÊװÛםבםֹ;;ַבװִזה ַבדַבםֹ;sader\1\83.pdf;ֽם;22-Jan-24;1;2024
1174;ָבַ;ָבַ;;84;22-Jan-24;ָבַ;Ê׃בםד דזÞÚ;;Þ׃ד ַבװִזה ַבוהֿ׃םֹ / װÚָֹ ַבדװַׁםÚ;sader\1\84.pdf;ֽם;23-Jan-24;1;2024
1175;ָבַ;ָבַ;;85;23-Jan-24;ָבַ;ױםַהַֹֽ׃ַָÊ;;Êßהבזּםַ ַבדÚבזדַÊ;sader\1\85.pdf;ֽם;23-Jan-24;1;2024
1176;ָבַ;ָבַ;;87;23-Jan-24;ָבַ;ַבֿÚזֹ 1 דזַהלֱ /2021 Êױבםֽ דהÙזדֹ ßַָׁ בבֽÝַֹׁ ֿוזß;;Þ׃ד ַבד׃ַÝה זַבױהַÚַÊ ַבָֽׁםֹ;sader\1\87.pdf;ֽם;23-Jan-24;1;2024
1177;ָבַ;ָבַ;;86;23-Jan-24;ָבַ;ָהֱַ זÊּוםׂ ׂזַׁÞ ַֿבֱַ ָֽׁםםה;;ַבדֿםׁ ַבÚַד;sader\1\86.pdf;ֽם;23-Jan-24;1;2024
1178;ָבַ;ָבַ;;88;23-Jan-24;ָבַ;ÚÞֿ ַבדהַÞױֹ 3/דזַהֶ/2022 utm ַבÊׁßםֹ;;Þ׃ד ַבװִזה ַבָֽׁםֹ וםֶֹ Ê״זםׁ ַבװִזה ַבָֽׁםֹ;sader\1\88.pdf;ֽם;24-Jan-24;1;2024
1179;ָבַ;ָבַ;;89;23-Jan-24;ָבַ;ÚÞֿ ַבדהַÞױֹ 3/דזַהֶ/2022 utm ַבÊׁßםֹ;;Þ׃ד ַבװִזה ַבָֽׁםֹ וםֶֹ Ê״זםׁ ַבװִזה ַבָֽׁםֹ;sader\1\89.pdf;ֽם;24-Jan-24;1;2024
1180;ָבַ;ָבַ;;2154;25-Jan-24;ָבַ;ÚÞֿ ַבדהַÞױֹ 3 דזַהלֱ 2022;;װׁßֹ UTM;sader\1\2154.pdf;ֽם;25-Jan-24;1;2024
1181;ָבַ;ָבַ;;2152;25-Jan-24;ָבַ;ַ׃Êֽױַב דזַÝÞֹ;;זַֹׁׂ ַבהÞב  ַבבּהֹ ַבדׁßׂםֹ  בבדַּׁÚֹ זַַבדױַֿÞֹ Úבל ַבֵַֽבֹ;sader\1\2152.pdf;ֽם;25-Jan-24;1;2024
1182;ָבַ;ָבַ;;ָבַ;;ָבַ;ָבַ;;ָבַ;;ֽם;25-Jan-24;;
1183;ָבַ;ָבַ;;53;16-Jan-24;ָבַ;דװַׁםÚ ַב־״ֹ ַבÊװÛםבםֹ 2023;;Þ׃ד ַבÊ־״ם״ זַבדÊַָÚֹ;sader\1\53.pdf;ֽם;25-Jan-24;1;2024
1184;ָבַ;ָבַ;;97;25-Jan-24;ָבַ;ÚÞֿ ַבדהַÞױֹ 2-דזַהֶ-2022 Êּוםׂ ÚזַדַÊ ֿבַבֹ ָֽׁםֹ Úֿֿ-15;;Þ׃ד ַב׃ם״ֹׁ זַבÊזּםו ַבָֽׁם וםֶֹ דװׁזÚ Ê״זםׁ ַב׃ם״ֹׁ זַבÊזּםו ַבָֽׁם;sader\1\97.pdf;ֽם;28-Jan-24;1;2024
1185;ָבַ;ָבַ;;98;25-Jan-24;ָבַ;דזַÞÝ;;Þ׃ד ַבÊ־״ם״ זַבדÊַָÚֹ;sader\1\98.pdf;ֽם;28-Jan-24;1;2024
1186;ָבַ;ָבַ;;92;24-Jan-24;ָבַ;Êדֿםֿ ־״ַָ ײדַה ֽ׃ה ַבÊהÝם׀ ׁÞד 700-271;;Þ׃ד ַבװִזה ַבדַבםֹ - װÚָֹ ַבַÚÊדַַֿÊ ז־״ַַָÊ ַבײדַה;sader\1\92.pdf;ֽם;28-Jan-24;1;2024
1187;ָבַ;ָבַ;;2030;24-Jan-24;ָבַ;װֱַׁ ׃םַַׁÊ הזÚ ÊזםזÊַ בַהֿßׁזׂ Úֿֿ -15;;זַֹׁׂ ַבÊַֹּׁ - ַבװׁßֹ ַבÚַדֹ בÊַֹּׁ ַב׃םַַׁÊ;sader\1\2030.pdf;ֽם;28-Jan-24;1;2024
1188;ָבַ;ָבַ;;100;28-Jan-24;ָבַ;Êדֿםֿ ־״ַָ ײדַה ַבֿÝÚֹ ַבֳזבל ַבדהַÞױֹ 2-דזַהֶ-2022;;Þ׃ד ַבװִזה ַבדַבםֹ;sader\1\99.pdf;ֽם;28-Jan-24;1;2024
1189;2273;ָבַ;;2273;28-Jan-24;ָבַ;דהַÞױֹ 2-דזַהֶ-2022 ַבÊהַדםה ַבװַדב Úבל ַבזַֽֿÊ ַבָֽׁםֹ;;װׁßֹ ַבַהֿב׃ בבÊַדםה ַבֿזבם;sader\1\2273.pdf;ֽם;28-Jan-24;1;2024
1190;ָבַ;ָבַ;;100;28-Jan-24;ָבַ;ַÚבַה ַבֿÚזֹ 10 דזַהלֱ 2024 Êֳוםב ַבדßַה ַבֶׁ׃םֹ בב׃ַָֽÊםה ַבַׁםז זַבÝÊֽ ַבדָםה;;ַב׃םֿ ַבדֿםׁ ַבÚַד;sader\1\100.pdf;ֽם;28-Jan-24;1;2024
1191;ָבַ;ָבַ;;103;29-Jan-24;ָבַ;װֱַׁ זÊּוםׂ ׃םַַׁÊ ּֿםֹֿ בַהֿßׁזׂ Úֿֿ-15;;וםֶֹ ַבÞׁײ ַבםַַָהם;sader\1\103.pdf;ֽם;29-Jan-24;1;2024
1192;2444;ָבַ;;2444;30-Jan-24;ָבַ;ÚÞֿ ַבדהַÞױֹ 3-דזַהֶ-2022 ָהֱַ ׂזׁÞ ֵ״Ýֱַ זׁׂÞ Êבזֻ זׁױםÝ Úֶַד;;utm  װׁßֹ ֵ׃״הָזב Êזׂבַ;sader\1\2444.pdf;ֽם;30-Jan-24;1;2024
1193;ָבַ;ָבַ;;109;31-Jan-24;ָבַ;Ú״ב ּוַׂups;;Þ׃ד Êßהבזּםַ ַבדÚבזדַÊ;sader\1\109.pdf;ÊÞ;31-Jan-24;1;2024
1194;ָבַ;ָבַ;;107;31-Jan-24;ָבַ;ַÚ״ַב ּוַׂ ׃׃ßזcisco;;Þ׃ד Êßהבזּםַ ַבדÚבזדַÊ;sader\1\107.pdf;ÊÞ;31-Jan-24;1;2024
1195;ָבַ;ָבַ;;110;31-Jan-24;ָבַ;ֿזַׁÊ װוׁ װַָ״;;דÚוֿ ַבדזַהֶ;sader\1\110.pdf;ÊÞ;31-Jan-24;1;2024
1196;ָבַ;ָבַ;;111;31-Jan-24;ָבַ;ּֿׁ ַבדזּזַֿÊ ַבַָֻÊו;;Þ׃ד Êßהבזּםַ ַבַָֻÊו;sader\1\111.pdf;ÊÞ;31-Jan-24;1;2024
1197;ָבַ;ָבַ;;112;31-Jan-24;ָבַ;ÊזÝׁ ַבַÚÊדַֿ ַבדַבם בßב דװׁזÚ 197 דװַׁםÚ ַב־״ֹ ַבÊװÛםבםֹ 2024;;Þ׃ד ַבװִזה ַבדַבםֹ;sader\1\112.pdf;ֽם;31-Jan-24;1;2024
1198;ָבַ;ָבַ;;210;31-Jan-24;ָבַ;׃םַַׁÊ ַבװׁßֹ ַבÚַדֹ בב׃םַַׁÊ;;ַבדÚַזה ַבÊÚַÞַֿÊ;wared\1\210.pdf;ֽם;31-Jan-24;1;2024
1199;ָבַ;ָבַ;;113;31-Jan-24;ָבַ;ÚÞֿ ַבדהַÞױֹ 3-דזַהֶ-2022 Êׂזםֿ utm דÊ״בַָÊ ַב׃Ýׁ;;Þ׃ד ַבװִזה ַבָֽׁםֹ וםֶֹ דװׁזÚ Ê״זםׁ ַבװִזה ַבָֽׁםֹ;sader\1\113.pdf;ֽם;31-Jan-24;1;2024
1200;ָבַ;ָבַ;;116;31-Jan-24;ָבַ;דהַÞױֹ Êַדםה Úבל ַבזַֽֿÊ ַבָֽׁםֹ ַבÚֶַֹֿ בװׁßÊהַ;;Þ׃ד ַבװִזה ַבָֽׁםֹ -װÚָֹ ַבÊַדםה ַבָֽׁם;sader\1\116.pdf;ֽם;01-Feb-24;1;2024
1201;ָבַ;ָבַ;;115;31-Jan-24;ָבַ;ÚÞֿ ַבדהַÞױֹ 3-דזַהֶ-2022 ָהֱַ ׂזׁÞ ֵ״Ýֱַ Êבזֻ זׁױםÝ Úֶַד;;Þ׃ד ַב׃ם״ֹׁ זַבÊזּםו ַבָֽׁם-וםֶֹ דװׁזÚ Ê״זםׁ ַב׃ם״ֹׁ זַבÊזּםו ַבָֽׁם;sader\1\115.pdf;ֽם;01-Feb-24;1;2024
1202;ָבַ;ָבַ;;118;01-Feb-24;ָבַ;ÚÞֿ ַבדהַÞױֹ 4-דזַהֶ-2023 Êּוםׂ זהױָ זÊװÛםב דהÙזדֹ זÊװÛםב דהÙזדֹ דַםßׁזםֹ ֽֿםֹֻ Ê״זםׁ ַÊױַבַÊ ַבדזַהֶ;;Þ׃ד ַבַÊױַבַÊ זַבׁױֿ ַבָֽׁם וםֶֹ דװׁזÚ Ê״זםׁ ַÊױַבַÊ ַבדזַהֶ;sader\2\118.pdf;ֽם;01-Feb-24;2;2024
1203;2650;ָבַ;;2650;01-Feb-24;ָבַ;ֳּזׁ ַבֵÚבַה ַבדהדַÞױֹ 9-דזַהֶ-2023;;װׁßֹ ַבֳׁײ ַב״םָֹ ַבדÊֹֽֿ בבדÞַזבַÊ;sader\2\2650.pdf;ֽם;01-Feb-24;2;2024
1204;2655;ָבַ;;2655;01-Feb-24;ָבַ;ÚÞֿ ַבדהַÞױֹ 3-דזַהֶ-2022 ָהֱַ ׂזׁÞ ֵ״Ýֱַ זׂזׁÞ Êבזֻ זׁױםÝ Úֶַד;;utm Êׁßםַ ֵ׃״הָזב;sader\2\2655.pdf;ֽם;01-Feb-24;2;2024
1205;2654;ָבַ;;2654;01-Feb-24;ָבַ;ֳּזׁ ַÚבַה דהַÞױֹ 12-דזַהֶ-2023 ֵםױַב ַבÊםַׁ ַבßוֶַָׁם בֿזׁ ַבד׃ַָׁ;;װׁßֹ ָׁßַÊ ַבֽׁדה;sader\2\2654.pdf;ֽם;01-Feb-24;1;2024
1206;2651;ָבַ;;2651;01-Feb-24;ָבַ;ֳּזׁ ַÚבַה דהַÞױֹ 10-דזַהֶ-2023 ַÚדַב ַהװֱַ ßÊÝ זÊװּםׁ ״ׁםÞ דֿ־ב  דםהֶַם ַד Þױׁ ַבװדַבם זַבּהזָם;;װׁßֹ ה־ָֹ ַבָױֹׁ בבדÞַזבַÊ ַבÚַדֹ;sader\2\2651.pdf;ֽם;01-Feb-24;2;2024
1207;ָבַ;ָבַ;;120;01-Feb-24;ָבַ;ÊֿÞםÞ ַבזֶַֻÞ ַבÞםַ׃םֹ בבדהַÞױֹ 3 דזַהלֱ 2024;;ַבÞ׃ד ַבÞַהזהם;sader\2\Êֳוםב װָßֹ ßוֱַָׁ ַד Þױׁ ַבּהזָם;ֽם;01-Feb-24;2;2024
1208;ָבַ;ָבַ;;120;;ָבַ;ָבַ;;ָבַ;;ֽם;01-Feb-24;;
1209;ָבַ;ָבַ;;121;01-Feb-24;ָבַ;דÊ״בַָÊ ַÚבַה דהַÞױֹ Êּוםׂ ׁÝַ׃ַÊ בב׃ַָֽÊםה ַבַׁםֹ זַבÝÊֽ ַבדָםה;;Þ׃ד ַבד׃ַÝה זַבױהַÚַÊ ַבָֽׁםֹ;sader\2\121.pdf;ֽם;01-Feb-24;2;2024
1210;ָבַ;ָבַ;;105;;ָבַ;ָבַ;;ָבַ;;ֽם;01-Feb-24;;
1211;ָבַ;ָבַ;;105;29-Jan-24;ָבַ;1-דזַהֶ-2024 ַÚדַב Êַוםב דֽ״ֹ Êֽבםֹ דםַו ־זׁ ַבָׂםׁ;;ַבÞַהזהם;sader\2\105.pdf;ֽם;04-Feb-24;1;2024
1212;ָבַ;ָבַ;;125;01-Feb-24;ָבַ;דÊ״בַָÊ ַÚבַה דהַÞױֹ v.f.d ַבֽÝַֹׁ ָױֹׁ;;Þ׃ד ַבד׃ַÝה זַבױהַÚַÊ ַבָֽׁםֹ;sader\2\125.pdf;ֽם;04-Feb-24;2;2024
1213;ָבַ;ָבַ;;127;01-Feb-24;ָבַ;״בָ דÚבזדַÊ;;Þ׃ד  ַבÊֿÞםÞ זַבׁÞַָֹ ַבַֿ־בםֹ;sader\2\127.pdf;ֽם;04-Feb-24;2;2024
1214;ָבַ;ָבַ;;125;01-Feb-24;ָבַ;דÊ״בַָÊ ַÚבַה דהַÞױֹ Êַוםב ׁÝַ׃ַÊ ַבװםדֱַ;;Þ׃ד ַבד׃ַÝה זַבױהַÚַÊ ַבָֽׁםֹ;sader\2\126.pdf;ֽם;04-Feb-24;2;2024
1215;ָבַ;ָבַ;;130;04-Feb-24;ָבַ;Êּוםׂ זהױָ זÊװÛםב זÊֽֿםֻ דֽ״ֹ בַ׃בßם ַבָױֹׁ Ýם ַבדÚÞב;;Þ׃ד ַבַÊױַבַÊ זַבׁױֿ ַבָֽׁם;sader\2\130.pdf;ֽם;04-Feb-24;2;2024
1216;ָבַ;ָבַ;;131;04-Feb-24;ָבַ;ָּ ַבַׁÝÚֹ ֽדׁםה;;Þ׃ד ַבֵהÞַ׀ ַבָֽׁם;sader\2\131.pdf;ֽם;04-Feb-24;2;2024
1217;ָבַ;ָבַ;;132;04-Feb-24;ָבַ;Êּוםׂ דßֶַה בַֽד cnc;;Þ׃ד ַבד׃ַÝה זַבױהַÚַÊ ַבָֽׁםֹ;sader\2\132.pdf;ֽם;04-Feb-24;2;2024
1218;ָבַ;ָבַ;;134;04-Feb-24;ָבַ;ÚÞֿ ַבדהַÞױֹ 10-דזַהֶ-2022 utm;;Þ׃ד ַבװִזה ַבדַבםֹ;sader\2\134.pdf;ֽם;04-Feb-24;2;2024
1219;ָבַ;ָבַ;;136;04-Feb-24;ָבַ;ÊֿÞםÞ ַבזֶַֻÞ ַבÞםַ׃םֹ בבדהַÞױֹ 2-דזַהֶ-2024 ַÚדַב Êז׃Ú ָהַםֹ דֿםׁםֹ דםהֱַ ־זׁ ַבָׂםׁ דÚ דֿ Þַָבז דה דֽ״ֹ 5;;ַבÞ׃ד ַבÞַהזהם;sader\2\136;ֽם;04-Feb-24;2;2024
1220;ָבַ;ָבַ;;137;04-Feb-24;ָבַ;װֱַׁ זÊּוםׂ ׃םַַׁÊ ּֿםֹֿ הזÚ ÊםזÊַ בַהֿßׁזׂ Úֿֿ 15 \;;וםֶֹ ַבÞׁײ ַבםַַָהם;sader\2\137.pdf;ÊÞ;04-Feb-24;2;2024
1221;2810;ָבַ;;2810;04-Feb-24;ָבַ;ֳּזׁ ַÚבַה דהַÞױֹ 4-דזַהֶ-2023 Êּוםׂ זהױָ דהÙזדֹ דַםßׁזםֹ ֽֿםֹֻ Ê׃ֿםֿ ֳּזׁ ַÚבַה ַבדהַÞױֹ;;װׁßֹ ׁזÚֹ ַבדַּֿ;sader\2\2810.pdf;ֽם;04-Feb-24;2;2024
1222;ָבַ;ָבַ;;139;04-Feb-24;ָבַ;ַÚדַד;;Þ׃ד ַבÊ־״ם״ זַבדÊַָÚֹ;sader\2\139.pdf;ֽם;05-Feb-24;2;2024
1223;2956;ָבַ;;2956;05-Feb-24;ָבַ;ÊזÞםÚ ÚÞֿ 1-דזַהֶ-2023 Êױבםֽ ַבֽÝַֹׁ Êֽׁםׁ;;װׁßֹ ַבױהַÚַÊ ַבוהֿ׃םֹ ַבֻÞםבֹ זָהֱַ ַב׃Ýה ום׃ßז;sader\2\2956.pdf;ֽם;05-Feb-24;2;2024
1224;2999;ָבַ;;2999;05-Feb-24;ָבַ;ױֹֽ ױֿזׁ ַבדÊײדה ַהÊÝֱַ ַֹּֽ ױß ׃ÝÊֹּ;;ַבדױׁÝ ַבÚַׁÞם בבÊַֹּׁ ÝׁÚ ַבד׃ָֽ;sader\2\2999.pdf;ֽם;05-Feb-24;2;2024
1225;2954;ָבַ;;2954;05-Feb-24;ָבַ;דהַÞױֹ 12-דזַהֶ-2023 ֵםױַב ַבÊםַׁ ַבßוֶַָׁם בֿזׁ Þׁםֹ ַבד׃ַָׁ;;ָׁßַÊ ַבֽׁדה;sader\2\2954.pdf;ֽם;05-Feb-24;2;2024
1226;2955;ָבַ;;2955;05-Feb-24;ָבַ;ַבÊַׂד ÊÚַÞֿם 9-דזַהֶ-2023 ֵÚַֹֿ Êַוםב ָהַםֹ ַבָֽזֻ זַבַֿׁ׃ַÊ;;ַבֳׁײ ַב״םָֹ;sader\2\2955.pdf;ֽם;05-Feb-24;2;2024
1227;ָבַ;ָבַ;;141;05-Feb-24;ָבַ;Êׁװםֽ ֳÚײֱַ בּהֹ;;ַבÞ׃ד ַבÞַהזהם;sader\2\141.pdf;ֽם;05-Feb-24;2;2024
1228;ָבַ;ָבַ;;145;05-Feb-24;ָבַ;ד׃ÊֽÞַÊ דַבםֹ װׁßֹ וםָßז;;ַב׃םֿ ַבדÚַזה ַבדֿםַׁבÚַד בבװִזה ַבÝהםֹ;sader\2\145.pdf;ֽם;05-Feb-24;2;2024
1229;ָבַ;ָבַ;;142;05-Feb-24;ָבַ;ÊֿÞםÞ זֶַֻÞ ַבדהַÞױֹ 4-דזַהֶ-2024 Êּוםׂ דַßםהֹ ÊהÙםÝ ַבַ׃״ֽ;;ַבÞַהזהם;sader\2\142.pdf;ֽם;05-Feb-24;2;2024
1230;ָבַ;ָבַ;;144;05-Feb-24;ָבַ;ַבֿÚזֹ 4-דזַהֶ-2023 Êּוםׂ זÊױבםֽ ַבַׁÝÚֹ ַב׃בßםֹ ßׁזÝ;;Þ׃ד ַבÊ־״ם״ זַבדÊַָÚֹ;sader\2\144.pdf;ֽם;05-Feb-24;2;2024
1231;ָבַ;ָבַ;;146;05-Feb-24;ָבַ;ַהװֱַ דױַÚֿ ßוֶַָׁםֹ;;Þ׃ד ַבװִזה ַבוהֿ׃םֹ װÚָֹ ַבדװַׁםÚ;sader\2\146.pdf;ֽם;05-Feb-24;2;2024
1232;ָבַ;ָבַ;;147;07-Feb-24;ָבַ;דÊ״בַָÊ ַÚבַה דהַÞױֹ Êּוםׂ דזַֿ ַֽÊםַ״םֹ בׁÝַ׃ַÊ ַב׃ַָֽÊםה ַבַׁםֹ זַבÝÊֽ ַבדָםה;;Þ׃ד ַבד׃ַÝה זַבױהַÚַÊ ַבָֽׁםֹ;sader\2\147.pdf;ֽם;07-Feb-24;2;2024
1233;ָבַ;ָבַ;;241;05-Feb-24;ָבַ;Êדֿםֿ ־״ַָ ײדַה ֽ׃ה ַבÊהÝם׀ 2-דזַהֶ-2022;;ַבדÊַָÚֹ;wared\2\241.pdf;ֽם;07-Feb-24;2;2024
1234;ָבַ;ָבַ;;148;07-Feb-24;ָבַ;ÊֿÞםÞ ַבזֶַֻÞ ַבÞםַ׃םֹ 3-דזַהֶ-2024;;ַבÞ׃ד ַבÞַהזהם;sader\2\148.pdf;ֽם;07-Feb-24;2;2024
1235;ָבַ;ָבַ;;150;07-Feb-24;ָבַ;ַבדהַÞױֹ ַב־ַױֹ ָÊּוםׂ ּוַׂ vfd בבֽÝַֹׁ ָױֹׁ;;Þ׃ד ַבד׃ַÝה;sader\2\150.pdf;ֽם;07-Feb-24;2;2024
1236;ָבַ;ָבַ;;151;07-Feb-24;ָבַ;ÊֿÞםÞ זֶַֻÞ Þםַ׃םֹ 5-דזַהֶ-2024 ַÚדַב ָהַםֹ װÚָֹ ַבדֱַ Ýם דםהֱַ ַבדÚÞב;;ַבÞ׃ד ַבÞַהזהם;sader\2\151;ֽם;07-Feb-24;2;2024
1237;ָבַ;ָבַ;;153;07-Feb-24;ָבַ;ַבדהַÞױֹ ַב־ַױֹ ָÊּוםׂ ׁÝַ׃ַÊ ַב׃ַָֹֽ ַבװםדֱַ;;Þ׃ד ַבד׃ַÝה;sader\2\153.pdf;ֽם;07-Feb-24;2;2024
1238;ָבַ;ָבַ;;156;07-Feb-24;ָבַ;װֱַׁ ׃םַַׁÊ בַהֿßׁזׂ;;וםֶֹ ַבÞׁײ ַבםַַָהם;sader\2\156.pdf;ֽם;08-Feb-24;2;2024
1239;ָבַ;ָבַ;;155;07-Feb-24;ָבַ;Êׁװםֽ ֳÚײֱַ בַּה;;ַבװִזה ַבָֽׁםֹ;sader\2\155.pdf;ֽם;08-Feb-24;2;2024
1240;ָבַ;ָבַ;;881;23-Aug-24;ָבַ;ֵדßַהםֹ Êּוםׂ ַבםַÊ;;ַבÊ־״ם״ זַבÊַָÚֹ;sader\2\881.pdf;ֽם;08-Feb-24;8;2024
1241;ָבַ;ָבַ;;158;08-Feb-24;ָבַ;ַ״בַÞ ֿÝÚֹ בÚÞֿ ַבדהַÞױֹ 4 דזַהלֱ 2022;;Þ׃ד ַַב׃װִזה ַבָֽׁםֹ;sader\2\158.pdf;ֽם;08-Feb-24;2;2024
1242;ָבַ;ָבַ;;159;08-Feb-24;ָבַ;װֱַׁ ׃םַַׁÊ בוםֶֹ ַבÞׁײ ַבםַַָהם;;ַב׃םֿ ַבדֿםׁ ַבÚַד;sader\2\159.pdf;ֽם;08-Feb-24;2;2024
1243;ָבַ;ָבַ;;163;08-Feb-24;ָבַ;ßװÝ דזּזַֿÊ;;ַבÞ׃ד ַבדַבם;sader\2\163.pdf;ֽם;08-Feb-24;2;2024
1244;ָבַ;ָבַ;;164;11-Feb-24;ָבַ;ÚÞֿ ַבדהַÞױֹ 3-דזַהֶ-2022 ָהֱַ ׂזׁÞ ֵ״Ýֱַ זׂזׁÞ Êבזֻ utm;;Þ׃ד ַבװִזה ַבָֽׁםֹ;sader\2\164.pdf;ֽם;11-Feb-24;2;2024
1245;ָבַ;ָבַ;;165;11-Feb-24;ָבַ;ד׃ÊֽÞַÊ דַבםֹ;;ַבÞ׃ד ַבÞַהזהם;sader\2\165.pdf;ֽם;11-Feb-24;2;2024
1246;ָבַ;ָבַ;;168;11-Feb-24;ָבַ;ָםַה ֳ׃בזָ ַבֵÚבַה Êױדםד דּדÚ ׃ßהם דÊßַדב בהַֽםֹ ַד Þױׁ;;Þ׃ד ַבװִזה ַבוהֿ׃םֹ;sader\2\168.pdf;ֽם;11-Feb-24;2;2024
1248;ָבַ;ָבַ;;169;11-Feb-24;ָבַ;דװַׁםÚ ַב־״ֹ ַבÊװÛםבםֹ בÚַד 2023;;Þ׃ד ַבÊ־״ם״ זַבדÊַָÚֹ;sader\2\169.pdf;ֽם;12-Feb-24;2;2024
1249;ָבַ;ָבַ;;170;12-Feb-24;ָבַ;ַבֿÚזֹ 4 דזַהלֱ 2023 Êױבםֽ ַבַׁÝÚֹ ßׁזÝ;;Þ׃ד ַבÊ־״ם״ זַבדÊַָÚֹ;sader\2\170.pdf;ֽם;12-Feb-24;2;2024
1250;ָבַ;ָבַ;;172;12-Feb-24;ָבַ;ַהַּׂ Úדב;;ַבוהֿ׃םֹ ַבדֿהםֹ;sader\2\172.pdf;ֽם;12-Feb-24;2;2024
1251;ָבַ;ָבַ;;171;12-Feb-24;ָבַ;״בָ דÚבזדַÊ;;Þ׃ד ַבÊֿÞםÞ זַבׁÞַָֹ ַבַֿ־בםֹ \ װÚָֹ דÊַָÚֹ ÊÞַׁםׁ ֿםזַה ַבׁÞַָֹ;sader\2\171.pdf;ֽם;12-Feb-24;2;2024
1252;ָבַ;ָבַ;;99;12-Feb-24;ָבַ;ַהַּׂ Úדב;;Þ׃ד ַבÊױַבַÊ זַבׁױֿ ַבָֽׁם;sader\2\99.pdf;ֽם;12-Feb-24;2;2024
1253;ָבַ;ָבַ;;173;12-Nov-24;ָבַ;דֽײׁ ַּÊדַÚ דװÊׁß;;ַב׃םֿ ַבדÚַזה ַבדֿםׁ ַבÚַד בבװִזה ַבֵַֿׁםֹ זַבדַבםֹ;sader\2\173.pdf;ֽם;12-Feb-24;11;2024
1254;ָבַ;ָבַ;;174;12-Feb-24;ָבַ;ַבÛֱַ Þַׁׁ ׃ָֽ Úדב Úה װׁßֹ ַבײדםֱַ בבדÞַזבַÊ ַבÚַדֹ ַבדֽֿזֹֿ;;ַבÞ׃ד ַבÞַהזהם Þ׃ד ַבװִזה ַבוהֿ׃םֹ;sader\2\174.pdf;ֽם;12-Feb-24;2;2024
1255;ָבַ;ָבַ;;179;12-Feb-24;ָבַ;ַבַדׁ ַבֿםזַהם ÊÚַÞַֿÊ דה ַבַּהָ ַב׃זׁם;;ַבÞ׃ד ַבÊַּׁם;sader\2\179.pdf;ֽם;13-Feb-24;2;2024
1256;ָבַ;ָבַ;;180;13-Feb-24;ָבַ;ÊזÝםׁ ַבַÚÊדַֿ ַבדַבם בבֿÚזֹ Ê׃Ýםה ַבֽÝַֹׁ Êֽׁםׁ 1-דזַהֶ-2023;;Þ׃ד ַבװִזה ַבדַבםֹ;sader\2\180.pdf;ֽם;13-Feb-24;2;2024
1258;ָבַ;ָבַ;;182;13-Feb-24;ָבַ;ַבֿÚזֹ 1דזַהֶ-2023 Êױבםֽ ַבֽÝַֹׁ Êֽׁםׁ;;ַבדַבםֹ;sader\2\182.pdf;ֽם;13-Feb-24;2;2024
1259;ָבַ;ָבַ;;181;13-Feb-24;ָבַ;דÊ״בַָÊ ַÚבַה;;Þ׃ד ַבֵהÞַ׀ ַבָֽׁם;sader\2\181.pdf;ֽם;13-Feb-24;2;2024
1260;ָבַ;ָבַ;;183;13-Feb-24;ָבַ;דÊ״בַָÊ ַÚבַה Êּוםׂ דַßהֹ ÊהÙםÝ ַבַ׃״ֽ Úֿֿ2;;Þ׃ד ַבד׃ַÝה;sader\2\183.pdf;ֽם;13-Feb-24;2;2024
1262;ָבַ;ָבַ;;181;;ָבַ;ָבַ;;ָבַ;;ֽם;13-Feb-24;;
1263;ָבַ;ָבַ;;185;14-Feb-24;ָבַ;ַײַָֹׁ ַבדהַÞױֹ 3-דזַהֶ-2024 Êַוםב װָßֹ ßוֱַָׁ ַד Þױׁ ַבּהזָם;;ַבÊֿÞםÞ זַבׁÞַָֹ ַבַֿ־בםֹ;sader\2\Êֳוםב װָßֹ ßוֱַָׁ ַד Þױׁ ַבּהזָם3;ֽם;14-Feb-24;2;2024
1264;ָבַ;ָבַ;;186;14-Feb-24;ָבַ;דÊ״בַָÊ ַÚבַה ַבדהַÞױֹ ַב־ַױֹ ָהּוםׂ זהױָ זÊװÛםב דֽ״ֹ בַ׃בßם ַבָױֹׁ Ýם ַבדÚÞב;;Þ׃ד ַבַÊױַבַÊ זַבׁױֿ ַבָֽׁם - זֹֽֿ ַבװִזה ַבÝהםֹ;sader\2\186.pdf;ֽם;14-Feb-24;2;2024
1265;ָבַ;ָבַ;;ָבַ;;ָבַ;ָבַ;;ָבַ;;ÊÞ;14-Feb-24;;
1266;ָבַ;ָבַ;;173;12-Feb-24;ָבַ;דֽײׁ ַּÊדַÚ ד׃װÊׁß;;ַב׃םֿ דÚַזה ַבדֿםׁ בבװִזה ַבֵַֿׁםֹ זַבדַבםֹ;sader\2\173.pdf;ÊÞ;14-Feb-24;2;2024
1267;ָבַ;ָבַ;;189;14-Feb-24;ָבַ;Êׁװםֽ ֳÚײֱַ בַּה;;Þ׃ד ַבֵהÞַ׀ ַבָֽׁם;sader\2\189.pdf;ÊÞ;14-Feb-24;2;2024
1268;ָבַ;ָבַ;;188;14-Feb-24;ָבַ;Êׁװםֽ ֳÚײֱַ בַּה;;Þ׃ד ַבד׃ַÝה זַבױהַÚַÊ ַבָֽׁםֹ;sader\2\188.pdf;ÊÞ;14-Feb-24;2;2024
1269;ָבַ;ָבַ;;191;15-Feb-24;ָבַ;דֽײׁ ַּÊדַÚ דװÊׁß;;Þ׃ד ַבÊ־״ם״ זַבדÊַָÚÛֹ;sader\2\191.pdf;ֽם;15-Feb-24;2;2024
1270;ָבַ;ָבַ;;192;15-Feb-24;ָבַ;ÚÞֿ ַבדהַÞױֹ;;Þ׃ד ַבÊÝÊםװ ַבָֽׁם;sader\2\192.pdf;ֽם;15-Feb-24;2;2024
1271;ָבַ;ָבַ;;337;;ָבַ;ָבַ;;ָבַ;;ֽם;15-Feb-24;;
1272;ָבַ;ָבַ;;190;14-Feb-24;ָבַ;דֽײׁ ַבֿÚזֹ ֳָ׃בזָ ַבÚ״ֱַ ַבÚׁײ ַבזֽםֿ װֱַׁ ׃םַַׁÊ ּֿםֹֿ הזÚ ÊזםזÊַ בַהֿßׁזׂ Úֿֿ15;;וםֶֹ ַבÞׁײ ַבםַַָהם;sader\2\190.pdf;ֽם;15-Feb-24;2;2024
1273;ָבַ;ָבַ;;198;15-Feb-24;ָבַ;Êױבםֽ ַבֽÝַֹׁ ׀ם Þַׁ Úהֿ ÊזÝׁ ַÚÊדַֿ דַבם;;ַב׃םֿ ַבדÚַזה ַבדֿםׁ ַבÚַד בבװִזה ַבֵַֿׁםֹ זַבדַבםֹ;sader\2\198.pdf;ֽם;15-Feb-24;2;2024
1274;ָבַ;ָבַ;;196;15-Feb-24;ָבַ;ÊֿÞםÞ ַבזֶַֻÞ ַבÞםַ׃םֹ בבדהַÞױֹ 10-דזַהֶ-2010 Êּוםׂ זÊהױםָ זÊװÛםב ּוַׂ vfd בבֽÝַֹׁ ָױֹׁ;;ַבÞ׃ד ַבÞַהזהם;sader\2\196.pdf;ֽם;15-Feb-24;2;2024
1275;ָבַ;ָבַ;;193;15-Feb-24;ָבַ;ÚÞֿ ַבדהַÞױֹ 2-דזַהֶ-2022 װׁßֹ utm װֽה ּדםÚ דזַֿ ַבדהַÞױֹ;;Þ׃ד ַבװִזה ַבָֽׁםֹ וםֶֹ דװׁזÚ Ê״זםׁ ַבװִזה ַבָֽׁםֹ;sader\2\193.pdf;ֽם;15-Feb-24;2;2024
1276;ָבַ;ָבַ;;194;15-Feb-24;ָבַ;ÚÞֿ ַבדהַÞױֹ 3-דזַהֶ-2022 װׁßֹ utm דÊ״בַָÊ ַב־ַױֹ ַָבדזÝֿםה;;Þ׃ד ַבװִזה ַבָֽׁםֹ וםֶֹ דװׁזÚ Ê״זםׁ ַבװִזה ַבָֽׁםֹ;sader\2\194.pdf;ֽם;15-Feb-24;2;2024
1277;ָבַ;ָבַ;;195;15-Feb-24;ָבַ;דÊ״בַָÊ ַÚבַה Êּוםׂ דßֶַה בַֽד cnc זדַßהֹ Þ״Ú דÊÚֹֿֿ;;Þ׃ד ַבד׃ַÝה זַבױהַÚַÊ ַבָֽׁםֹ;sader\2\195.pdf;ֽם;15-Feb-24;2;2024
1278;ָבַ;ָבַ;;200;18-Feb-24;ָבַ;ַÚדַד זַֹׁׂ ַבַׁׂÚֹ;;ַבÞ׃ד ַבÞַהזהם;sader\2\200.pdf;ֽם;15-Feb-24;2;2024
1279;ָבַ;ָבַ;;199;18-Feb-24;ָבַ;ַÚדַד ַבÊÚַזה דÚ ַבבּהֹ ַבדִבÝֹ ָדזָּ ַבַדׁ ַבֿםזַהם Ýם ֳזַדׁ Ûםַׁ זׂםַֹֿ ַבßבÝ ַבßבםֹ;;ַבÞ׃ד ַבÞַהזהם;sader\2\199.pdf;ֽם;15-Feb-24;2;2024
1280;ָבַ;ָבַ;;203;18-Feb-24;ָבַ;ÚÞֿ ַבדהַÞױֹ זַדׁ Ûםַׁ 4-דזַהֶ-2022 ַׁׂÚֹ דַהÛׁזÝ;;ַבÞ׃ד ַבÞַהזהם;sader\2\203;ֽם;15-Feb-24;2;2024
1281;ָבַ;ָבַ;;204;18-Feb-24;ָבַ;הÙַד ־״ֹ ַבÊÚַÞַֿÊ ַםÝַֿ ׃ַבד Úַָֿבזַֽֿ;;ַב׃םֿ ַבדֿםׁ ַבÚַד;sader\2\204.pdf;ֽם;15-Feb-24;2;2024
1282;ָבַ;ָבַ;;205;18-Feb-24;ָבַ;Êׁװםֽ ֳÚײֱַ בּהֹ;;ַבÞ׃ד ַבÞַהזהם;sader\2\205.pdf;ֽם;15-Feb-24;2;2024
1283;ָבַ;ָבַ;;206;18-Feb-24;ָבַ;דהַÞױֹ ַבÊַדםה Úבל ַבזַֽֿÊ ַבָֽׁםֹ;;Þ׃ד ַבװִזה ַבָֽׁםֹ;sader\2\206.pdf;ֽם;15-Feb-24;2;2024
1284;ָבַ;ָבַ;;208;18-Feb-24;ָבַ;דÊ״בַָÊ ַבֵÚבַה ַבַׁÝÚֹ ßׁזÝ זÊױבםֽ ַבַׁÝÚֹ ßׁזÝ;;Þ׃ד ַבֵהÞַ׀ ַבָֽׁם;sader\2\208.pdf;ֽם;15-Feb-24;2;2024
1285;ָבַ;ָבַ;;207;18-Feb-24;ָבַ;ÊֿÞםÞ זֶַֻÞ ַבÞםַ׃םֹ 11-דזַהֶ-2024;;ַבÞ׃ד ַבÞַהזהם;sader\2\207.pdf;ֽם;15-Feb-24;2;2024
1286;ָבַ;ָבַ;;207;18-Feb-24;ָבַ;ÊֿÞםÞ 11-דזַהֶ-2024 Êּוםׂ זהױָ זÊֽֿםֻ דֽ״ֹ בַ׃בßם ַבָױֹׁ;;ַבÞ׃ד ַבÞַהזהם;sader\2\207;ֽם;15-Feb-24;2;2024
1287;ָבַ;ָבַ;;212;18-Feb-24;ָבַ;ַבֿÚזֹ 1-דזַהֶ-2023 Êױבםֽ ַבֽÝַֹׁ Êֽׁםׁ;;דÚַזה ַבדֿםׁ ַבÚַד בבװִזה ַבֵַֿׁםֹ;sader\2\212.pdf;ֽם;15-Feb-24;2;2024
1288;ָבַ;ָבַ;;211;18-Feb-24;ָבַ;ֵÚַֹֿ דָבÛ זױב װֱַׁ דהַÞױֹ 19-דזַהֶ-2023 Êז׃םÚ ָהַםֹ ־זׁ ַבָׂםׁ;;Þ׃ד ַבװִזה ַבדַבםֹ;sader\2\211.pdf;ֽם;15-Feb-24;2;2024
1289;ָבַ;ָבַ;;367;18-Feb-24;ָבַ;ָבַ;;ָבַ;wared\2\367.pdf;ֽם;15-Feb-24;2;2024
1290;ָבַ;ָבַ;;185;14-Feb-24;ָבַ;ַײַָֹׁ ַבדהַÞױֹ 3-דזַהֶ-2024 Êַוםב װָßֹ ßוֱַָׁ ַד Þױׁ ַבּהזָם;;Þ׃ד ַבÊֿÞםÞ;sader\2\185.pdf;ֽם;15-Feb-24;2;2024
1291;ָבַ;ָבַ;;214;19-Feb-24;ָבַ;ַבדהַÞױֹ 4-דזַהֶ-2024;;ַבÞַהזהםֹ;sader\2\214.pdf;ֽם;19-Feb-24;2;2024
1292;ָבַ;ָבַ;;215;19-Feb-24;ָבַ;ױֹֽ ױֿזׁ ־״ַָ ײדַה;;Þ׃ד ַבװִזה ַבדַבםֹ;sader\2\215.pdf;ֽם;19-Feb-24;2;2024
1294;ָבַ;ָבַ;;216;19-Feb-24;ָבַ;ַבÛֱַ ׃ָֽ Úדב װׁßֹ ַבײדםֱַ;;ַבÞ׃ד ַבÞַהזהם -ַבװִה ַבוהֿ׃םֹ;sader\2\216.pdf;ֽם;20-Feb-24;2;2024
1295;ָבַ;ָבַ;;217;19-Feb-24;ָבַ;ַבַדׁ ַבֿםזַהם 23590;;ַבÞ׃ד ַבÊַּׁם;sader\2\217.pdf;ֽם;20-Feb-24;2;2024
1296;ָבַ;ָבַ;;218;20-Feb-24;ָבַ;ָבַ;;Þ׃ד ַבװִזה ַבדַבםֹ װÚָֹ ַבַÚÊדַַֿÊ ַבד׃Êהֿםֹ;sader\2\218.pdf;ÊÞ;20-Feb-24;2;2024
1297;ָבַ;ָבַ;;219;20-Feb-24;ָבַ;ÚÞֿ ַבדהַÞױֹ 3 ָהֱַ ׂזׁÞ ֵ״Ýֱַ Êבזֻ -דזַהֶ-2022;;Þ׃ד ַבַÊױַבַÊ זַבׁױֿ ַבָֽׁם;sader\2\219.pdf;ÊÞ;20-Feb-24;2;2024
1298;ָבַ;ָבַ;;220;20-Feb-24;ָבַ;ַבÛֱַ Þַׁׁ ׃ָֽ Úדב Úה װׁßֹ ַבײדםֱַ בבדÞַזבַ ַבÚַדֹ ַבדֽֿזֹֿ;;ַבÞ׃ד ַבÞַהזהם;sader\2\220.pdf;ÊÞ;20-Feb-24;2;2024
1299;ָבַ;ָבַ;;225;20-Feb-24;ָבַ;Êװßםב בַּה Êֽבםב;;ַב׃םֿ ַבדֿםׁ ַבÚַד;sader\2\225.pdf;ÊÞ;20-Feb-24;2;2024
1300;ָבַ;ָבַ;;229;21-Feb-24;ָבַ;דזÞÝ דÊַָÚֹ דװַׁםÚ ַב־״ֹ ַבÊװÛםבםֹ;;Þ׃ד ַבÊ־״ם״;sader\2\דזÞÝ דװַׁםÚ ַב־״ֹ ַבÊװÛםבםֹ בÛַםֹ21-2;ֽם;21-Feb-24;2;2024
1301;ָבַ;ָבַ;;222;20-Feb-24;ָבַ;ÊֿÞםÞ זֶַֻÞ דהַÞױֹ 9-דזַהֶ-2024 Êַוםב ׁÝַ׃ַÊ ַב׃ַָֹֽ ַבװםדֱַ;;ָבַ;sader\2\222;ֽם;21-Feb-24;2;2024
1302;ָבַ;ָבַ;;230;21-Feb-24;ָבַ;ÊֿÞםÞ זֶַֻÞ Þםַ׃םֹ בבדהַÞױֹ 3-דזַהֶ-2024;;Þ׃ד ַבװִזה ַבוהֿ׃םֹ וםֶֹ דװׁזÚ Ê״זםׁ ַבדזַהֶ;sader\2\230.pdf;ֽם;21-Feb-24;2;2024
1303;ָבַ;ָבַ;;232;21-Feb-24;ָבַ;הװׁ ַÚבַה דהַÞױֹ בבדֹׁ ַבֳזבל  10 דזַהלֱ 2024;;װÚָֹ ַבÚבַÞַÊ ַבÚַדֹ זַבַÚבַד;sader\2\232.pdf;ֽם;21-Feb-24;2;2024
1304;ָבַ;ָבַ;;234;21-Feb-24;ָבַ;הװׁ ַÚבַד דהַÞױֹ 6 דזַהלֱ 2024 בבדֹׁ ַבֳזבל;;װÚָֹ ַבÚבַÞַÊ ַבÚַדֹ זַבַÚבַד;sader\2\234.pdf;ֽם;21-Feb-24;2;2024
1305;ָבַ;ָבַ;;237;22-Feb-24;ָבַ;ַÚדַד ֿבםב ֳ׃׃ ַֿׁ׃ֹ ַבּֿזל ַבַÞÊױַֿםֹ;;Þ׃ד ַבÊ־״ם״ זַבדÊַָÚֹ װÚָֹ ַבÊ־״ם״;sader\2\237;ֽם;22-Feb-24;2;2024
1306;ָבַ;ָבַ;;239;22-Feb-24;ָבַ;Êּוםׂ דÚַֿÊ ֻÞםבֹ;;Þ׃ד ַבװִזה ַבוהֿ׃םֹ;sader\2\239.pdf;ֽם;22-Feb-24;2;2024
1307;ָבַ;ָבַ;;230;21-Feb-24;ָבַ;ÊֿÞםÞ ַבזֶַֻÞ ַבÞםַ׃םֹ 3-דזַהֶ-2024;;ַבװִזה ַבוהֿ׃םֹ-וםֶֹ דװׁזÚ Ê״זםׁ ַבדזַהֶ;sader\2\230.pdf;ֽם;22-Feb-24;2;2024
1308;ָבַ;ָבַ;;236;21-Feb-24;ָבַ;דÊ״בַָÊ ַÚבַה ַבדהַÞױֹ ָÊּוםׂ זהױָ זÊװÛםב Êֽֿםֻ דֽ״ֹ בַ׃בßם ַבָױֹׁ;;Þ׃דד ַבַÊױבַÊ זַבׁױֿ ַבָֽׁם זֹֽֿ ַבװִזה ַבÝהםֹ;sader\2\236.pdf;ֽם;22-Feb-24;2;2024
1309;4615;ָבַ;;4615;22-Feb-24;ָבַ;ÚÞֿ ַבדהַÞױֹ 3-דזַהֶ-2022 ָהֱַ ׂזׁÞ ֵ״Ýֱַ זׁױםÝ Úֶַד;;װׁßֹ ֵ׃״הָזב Êזׂבַ utm;sader\2\4615.pdf;ֽם;22-Feb-24;2;2024
1310;ָבַ;ָבַ;;238;22-Feb-24;ָבַ;ּֽׂ ֳדזַב Úבם װַÝם ַ׃Úֿ דֿםׁ ַבÚַד ַב׃ַָÞ בבװׁßֹ ַבÚַדֹ בבÊױדםד זÊהÝם׀ ַבדװַׁםÚ;;ַבÞ׃ד ַבÞַהזהם;sader\2\238.pdf;ֽם;22-Feb-24;2;2024
1311;ָבַ;ָבַ;;240;22-Feb-24;ָבַ;ÊֿÞםÞ ַבזֶַֻÞ ַבÞםַ׃םֹ בבדהַÞױֹ 12-דזַהֶ-2024;;ַבÞ׃ד ַבÞַהזהם;sader\2\240.pdf;ֽם;22-Feb-24;2;2024
1312;ָבַ;ָבַ;;241;22-Feb-24;ָבַ;ַבֿÚזֹ 1-דזַהֶ-2023 Êױבםֽ ַבֽÝַֹׁ Êֽׁםׁ;;ַב׃םֿ ַבדֿםׁ ַבÚַד;sader\2\241.pdf;ֽם;22-Feb-24;2;2024
1313;4752;ָבַ;;4752;25-Feb-24;ָבַ;דזַÞÝ 20-2;;זַֹׁׂ ַבהÞב ֶַֹֿׁ ַבÚÞזֿ זַבÊׁ־םױ;sader\2\4752;ֽם;25-Feb-24;2;2024
1314;4753;ָבַ;;4753;25-Feb-24;ָבַ;ÚÞֿ ַבדהַÞױֹ 3-דזַהֶ-2022 ַםÝַֿ Êׁßםַ utm;;Êׁßםַ ֵ׃״הָזב utm;sader\2\4753.pdf;ֽם;25-Feb-24;2;2024
1315;ָבַ;ָבַ;;248;27-Feb-24;ָבַ;ÚÞֿ 2-דזַהֶ-2023;;ַבװִזה ַבדַבםֹ;sader\2\248.pdf;ֽם;27-Feb-24;2;2024
1316;ָבַ;ָבַ;;249;27-Feb-24;ָבַ;דזÚֿ ׃Ýׁ3-דזַהֶ-2022;;ַבװִזה ַבָֽׁםֹ;sader\2\249.pdf;ֽם;27-Feb-24;2;2024
1317;ָבַ;ָבַ;;428;25-Feb-24;ָבַ;ָבַ;;ָבַ;;ֽם;27-Feb-24;2;2024
1318;ָבַ;ָבַ;;ָבַ;;ָבַ;ָבַ;;ָבַ;;ÊÞ;27-Feb-24;;
1319;ָבַ;ָבַ;;250;27-Feb-24;ָבַ;Êדֿםֿ ־״ַָ ײדַה;;Þ׃ד ַבװִזה ַבדַבםֹ;sader\2\250.pdf;ÊÞ;27-Feb-24;2;2024
1320;ָבַ;ָבַ;;252;27-Feb-24;ָבַ;ÊֿÞםÝÞ זֶַֻÞ ַבדהַÞױֹ 7 דזַהלֱ;;ַבÞ׃ד ַבÞַהזהם;sader\2\252.pdf;ÊÞ;27-Feb-24;2;2024
1321;ָבַ;ָבַ;;ָבַ;;ָבַ;ָבַ;;ָבַ;;ÊÞ;28-Feb-24;;
1322;ָבַ;ָבַ;;256;28-Feb-24;ָבַ;ֱֵַַּׁÊ;;ַבÞ׃ד ַבÞַהזהם;wared\2\256.pdf;ÊÞ;28-Feb-24;2;2024
1323;ָבַ;ָבַ;;254;28-Feb-24;ָבַ;דÊ״בַָÊ ַÚבַה Êּוםׂ דַßםהֹ ÊהÙםÝ ַבַ׃״ֽ Úֿֿ 2 - דÚ דבֽÞַÊוַ;;Þ׃ד ַבד׃ַÝה זַבױהַÚַÊ ַבָֽׁםֹ;wared\2\254.pdf;ÊÞ;28-Feb-24;2;2024
1324;ָבַ;ָבַ;;255;28-Feb-24;ָבַ;ÊֿÞםÞ ַבזֶַֻÞ ַבÞםַ׃םֹ בבדהÊַÞױֹ 11 דזַהלֱ 2024;;Þ׃ד ַבַÊױַבַÊ זַבׁױֿ ַבָֽׁם;sader\2\255.pdf;ÊÞ;28-Feb-24;2;2024
1325;ָבַ;ָבַ;;258;28-Feb-24;ָבַ;דÊ״בַָÊ ַÚבַה ַבדהַÞױֹ Êּוםׂ דזַֿ ַֽÊםַ״םֹ בׁÝַ׃ַÊ ַבַׁםו זַבÝÊֽ ַבדָםה;;Þ׃ד ַבד׃ַÝה זַבױהַÚַÊ ַבָֽׁםֹ;sader\2\258.pdf;ÊÞ;28-Feb-24;2;2024
1326;ָבַ;ָבַ;;259;28-Feb-24;ָבַ;ÊֿÞםÞ ַבזֶַֻÞ ַבÞםַ׃םֹ בבדהַÞױֹ 3 דזַהלֱ 2024;;Þ׃ד ַבÊֿÞםÞ זַבׁÞַָֹ ַבַֿ־בםֹ;sader\2\259.pdf;ÊÞ;28-Feb-24;2;2024
1327;ָבַ;ָבַ;;260;28-Feb-24;ָבַ;ַÚבַה דהַÞױֹ;;Þ׃ד ַבÊ־״ם״;sader\2\260.pdf;ֽם;29-Feb-24;2;2024
1328;ָבַ;ָבַ;;264;28-Feb-24;ָבַ;ÚÞֿ ַבֿÚזֹ 1-דזַהֶ-2021 Êױבםֽ דהÙזדֹ ßַָׁ ַבֽÝַֹׁ ֿוזß;;ַבֽÝׁ ַבָֽׁם;sader\2\264.pdf;ֽם;29-Feb-24;2;2024
1329;ָבַ;ָבַ;;265;28-Feb-24;ָבַ;ÚÞֿ ַבדהַÞױֹ 3-דזַהֶ-2022 װׁßֹ utm;;Þ׃ד ַב׃ם״ֹׁ זַבÊזּםו ַבָֽׁם וםֶֹ דװׁזÚ Ê״זםׁ ַב׃ם״ֹׁ;sader\2\265.pdf;ֽם;29-Feb-24;2;2024
1330;ָבַ;ָבַ;;266;28-Feb-24;ָבַ;ַבֽÝַֹׁ ׀ם Þַׁ;;Þ׃ד ַבֽÝׁ ַבָֽׁם;sader\2\266.pdf;ֽם;29-Feb-24;2;2024
1331;ָבַ;ָבַ;;267;28-Feb-24;ָבַ;דÊַָÚֹ דװַׁםÚ ַב־״ֹ ַבÊװÛםבםֹ2024;;Þ׃ד ַבÊֿÞםÞ זַבׁÞַָֹ ַבַֿ־בםֹ;sader\2\267.pdf;ֽם;29-Feb-24;2;2024
1332;ָבַ;ָבַ;;268;28-Feb-24;ָבַ;הװׁ ַÚבַה דהַÞױֹ בבדֹׁ ַבֳזבל ַÚדַב ַהװֱַ ָהַםֹ װÚָֹ ַבדֱַ Ýם ַבדÚÞב;;װÚָֹ ַבÚבַÞַÊ ַבÚַדֹ;sader\2\268.pdf;ֽם;29-Feb-24;2;2024
1333;ָבַ;ָבַ;;269;28-Feb-24;ָבַ;ַבÛֱַ ַבדהַÞױֹ 5-דזַהֶ-2024;;ַב׃םֿ ַבדֿםׁ ַבÚַד;sader\2\269.pdf;ֽם;29-Feb-24;2;2024
1334;ָבַ;ָבַ;;270;29-Feb-24;ָבַ;ַ׃Êßדַב ÊזױםַÊ בּהֹ ַבַדׁ ַבֿםזַהם 231112 ב׃הֹ 2023;;ַב׃םֿ דÚַזה ַבדֿםׁ ַבÚַד בבװִזה ַבֵַֿׁםֹ;sader\2\270.pdf;ֽם;29-Feb-24;2;2024
1335;ָבַ;ָבַ;;270;;ָבַ;ָבַ;;ָבַ;;ֽם;29-Feb-24;;
1336;ָבַ;ָבַ;;5145;29-Feb-24;ָבַ;ַבÚÞֿ ַבדׁÞד 2653-2023;;זַֹׁׂ ַבױהַÚֹ זַבדÚַֿה בבױהַÚַÊ ַבßוֶַָׁםֹ זַבַבßÊׁזהםֹ;sader\2\5145.pdf;ֽם;29-Feb-24;2;2024
1337;ָבַ;ָבַ;;2;;ָבַ;ָבַ;;ָבַ;;ֽם;29-Feb-24;;
1338;ָבַ;ָבַ;;273;29-Feb-24;ָבַ;ָבַ;;ָבַ;;ֽם;03-Mar-24;2;2024
1339;ָבַ;ָבַ;;273;29-Feb-24;ָבַ;ַÚבַה דהַÞױֹ ָהֱַ;;ַב׃םֿ דÚַזה ַבדֿםׁ ַבÚַד בבװִזה ַבÝהםֹ;sader\2\273.pdf;ֽם;03-Mar-24;2;2024
1340;ָבַ;ָבַ;;276;03-Mar-24;ָבַ;דהַÞױֹ 2-דזַהֶ-2022;;Þ׃ד ַב׃ם״ֹׁ זַבÊזּםו ַבָֽׁם;sader\3\276.pdf;ֽם;03-Mar-24;3;2024
1341;ָבַ;ָבַ;;278;03-Mar-24;ָבַ;ַבÚÞֿ ַבדׁÞד 2023-2653;;ַבװִזה ַבוהֿ׃םֹ;sader\3\278.pdf;ֽם;03-Mar-24;3;2024
1342;ָבַ;ָבַ;;279;03-Mar-24;ָבַ;ÊֿÞםÞ ַבזֶַֻÞ ַבÞםַ׃םֹ 7-דזַהֶ-2024;;ַבװִזה ַבוהֿ׃םֹ;sader\3\279.pdf;ֽם;03-Mar-24;3;2024
1343;ָבַ;ָבַ;;280;03-Mar-24;ָבַ;הװׁ ַÚבַה דהַÞױֹ בבדׁו ַבֳזבל 9-דזַהֶ-2024;;װÚָֹ ַבÚבַÞַÊ;sader\3\280.pdf;ֽם;03-Mar-24;3;2024
1344;ָבַ;ָבַ;;281;03-Mar-24;ָבַ;11-דזַהֶ-2024 Êּוםׂ דֽ״ֹ בַ׃בßם ַבָױֹׁ Ýם ַבדÚÞב;;װÚָֹ ַבÚבַÞַÊ ַבÚַדֹ;sader\3\281.pdf;ֽם;03-Mar-24;3;2024
1345;ָבַ;ָבַ;;284;03-Mar-24;ָבַ;ֵÚַֹֿ ַזבםַÊ ַבדהַÞױֹ 5-דזַהֶ-2024;;ַבװִזה ַבוהֿ׃םֹ;sader\3\284.pdf;ֽם;03-Mar-24;3;2024
1346;5259;ָבַ;;5259;03-Mar-24;ָבַ;ַבÛֱַ Þַׁׁ ׃ָֽ Úדב Úֿד זּזֿ ÊÚַדב דÚ װׁßֹ ַבײדםֱַ;;זַֹׁׂ ַבהÞב ַבÚÞזֿ זַבÊַׁ־םױ;sader\3\5259.pdf;ֽם;03-Mar-24;3;2024
1347;ָבַ;ָבַ;;ָבַ;;ָבַ;ָבַ;;ָבַ;;ֽם;03-Mar-24;;
1348;ָבַ;ָבַ;;286;03-Mar-24;ָבַ;דזÞÝ דהַÞױַÊ ַב־״ֹ ַבÊװÛםבםֹ ב׃הֹ 2024;;ַבדÊַָÚֹ ַבדׁßׂםו;sader\3\286.pdf;ֽם;03-Mar-24;3;2024
1349;ָבַ;ָבַ;;287;04-Mar-24;ָבַ;ֵÚַֹֿ דָבÛ 19-דזַהֶ-2023;;ַבדַבםֹ;sader\3\287.pdf;ֽם;04-Mar-24;3;2024
1350;ָבַ;ָבַ;;288;04-Mar-24;ָבַ;ֵÚַֹֿ דָבÛ זױב 17-דזַהֶ-2023;;ַבדַבםֹ;sader\3\288.pdf;ֽם;04-Mar-24;3;2024
1351;ָבַ;ָבַ;;291;04-Mar-24;ָבַ;ÝÊֹׁ ÊזÞÝ ÚÞֿ ַבדהַÞױֹ 3-דזַהֶ-2022 utm;;ַבדזַֿׁ ַבָװׁםֹ;sader\3\291.pdf;ֽם;04-Mar-24;3;2024
1352;ָבַ;ָבַ;;292;04-Mar-24;ָבַ;דÊ״בַָÊ ֵÚַֹֿ וםßבֹ ַבװׁßַÊ ַבÚַדֹ;;Þ׃ד ַבÊ־״ם״םֹ;sader\3\292.pdf;ֽם;04-Mar-24;3;2024
1353;ָבַ;ָבַ;;295;05-Mar-24;ָבַ;דזֻÞ דÊַָÚֹ דװַׁםÚ ַב־״ֹ ַבÊװÛםבֹ;;Þ׃ד ַבÊ־״ם״ זַבדÊַָÚֹ;sader\3\295.pdf;ֽם;05-Mar-24;3;2024
1354;ָבַ;ָבַ;;300;05-Mar-24;ָבַ;דװׁזÚ Êױבםֽ ַבַׁÝÚֹ ׃הַד;;Þ׃ד ַבד׃ַÝה;sader\3\300.pdf;ֽם;05-Mar-24;3;2024
1355;ָבַ;ָבַ;;89;;ָבַ;ָבַ;;ָבַ;sader\3\89.pdf;ֽם;05-Mar-24;;
1356;ָבַ;ָבַ;;301;05-Mar-24;ָבַ;Êדֿםֿ ־״ַָ ײדַה בװׁßֹ utm;;Þ׃ד ַבװִזה ַבדַבםֹ;sader\3\301.pdf;ֽם;06-Mar-24;3;2024
1357;ָבַ;ָבַ;;273;29-Feb-24;ָבַ;"ַÚבַה דהַÞױֹ ָהֱַ ַָה״זה זָהֱַ ׂזׁÞ Úֿֿ 1
 זָםַה ַבַׁם";;ַב׃םֿ ַבדÚַזה בבדֿםׁ ַבÚַד בבװִזה ַבÝהםֹ;sader\3\273.pdf;ֽם;06-Mar-24;2;2024
1358;ָבַ;ָבַ;;306;06-Mar-24;ָבַ;ַÚדַד;;Þ׃ד ַבװִזה ַבָֽׁםֹ;sader\3\306.pdf;ֽם;06-Mar-24;3;2024
1359;ָבַ;ָבַ;;308;06-Mar-24;ָבַ;דהַÞױֹ 10 דזַהלֱ 2023;;Þ׃ד ַבװִזה ַבוהֿ׃םֹ װÚָו ַבדװַׁםÚ;sader\3\308.pdf;ֽם;06-Mar-24;3;2024
1360;ָבַ;ָבַ;;294;04-Mar-24;ָבַ;ַבֿÚזֹ 2-דזַהֶ-2022 Êױבםֽ ַבדֽׁßַÊ ַבֶׁם׃םֹ בב׃ַָֽÊםה ַָה ָ״ז״ֹ זַבםׁדזß;;Þ׃ד ַבד׃ַÝה וםֶֹ דװׁזÚ ַבÊױבםֽ;sader\3\294.pdf;ֽם;07-Mar-24;3;2024
1361;ָבַ;ָבַ;;309;06-Mar-24;ָבַ;דהַÞױֹ 12-דזַהֶ-2024 ֵםױַב ַבÊםַׁ ַבßוֶַָׁם;;Þ׃ד ַבװִזה ַבוהֿ׃םֹ ַבדװַׁםÚ;sader\3\309.pdf;ֽם;07-Mar-24;3;2024
1362;ָבַ;ָבַ;;310;06-Mar-24;ָבַ;דהַÞױֹ 9-דזַהֶ-2023 ֵÚַֹֿ Êַוםב ָהַםֹ ַבָֽזֻ זַבַֿׁ׃ַÊ;;Þ׃ד ַבװִזה ַבוהֿ׃םֹ;sader\3\310.pdf;ֽם;07-Mar-24;3;2024
1363;ָבַ;ָבַ;;311;06-Mar-24;ָבַ;ÊÞׁםׁ װוׁם ּֿזב דזÞÝ;;Þ׃ד ַב׃ם״ֹׁ זַבÊזּםו ַבָֽׁם;sader\3\311.pdf;ֽם;07-Mar-24;3;2024
1364;ָבַ;ָבַ;;312;06-Mar-24;ָבַ;Êׁ־םױ דבַֽם בבֽÝַֹׁ Êֽׁםׁ;;Þ׃ד ַבÊ׃ּםב זַבÊÝÊםװ ַבָֽׁם;sader\3\312.pdf;ֽם;07-Mar-24;3;2024
1365;ָבַ;ָבַ;;316;07-Mar-24;ָבַ;Êֽֿםֻ ־ַׁ״ֹ דװַׁםÚ ַבַ׃Êֻדַׁםֹ 2024;;Þ׃ד ַבÊ־״ם״;sader\3\316.pdf;ֽם;07-Mar-24;3;2024
1366;ָבַ;ָבַ;;317;07-Mar-24;ָבַ;ֵÚַֹֿ דָבÛ זױב װֱַׁ 19-דזַהֶ-2023 ז17-דזַהֶ-2023;;Þ׃ד ַבÊֿÞםÞ;sader\3\317.pdf;ֽם;07-Mar-24;3;2024
1367;ָבַ;ָבַ;;319;07-Mar-24;ָבַ;ַבּֿזל ַבַÞÊױַֿםֹ זַבßבÝֹ ַבÊ־דםהםֹ בדװׁזÚ ַהװֱַ דױַÚֿ;;ַבװִזה ַבוהֿ׃םֹ;sader\3\319.pdf;ֽם;07-Mar-24;3;2024
1368;ָבַ;ָבַ;;320;07-Mar-24;ָבַ;ַבֽÝַֹׁ ׀ם Þַׁ;;ַבֽÝׁ ַבָֽׁם;sader\3\320.pdf;ֽם;07-Mar-24;3;2024
1369;ָבַ;ָבַ;;313;07-Mar-24;ָבַ;Êװßםב בַּה;;ַב׃םֿ ַבדֿםׁ ַבÚַד;sader\3\313.pdf;ÊÞ;10-Mar-24;3;2024
1370;ָבַ;ָבַ;;328;11-Mar-24;ָבַ;ַ״בַÞ ֿÝÚֹ  בÚÞֿ ַבדהַÞױֹ 4 דזַהלֱ 2022;;Þ׃ד ַבװִזה ַבָֽׁםֹ - וםֶֹ דװׁזÚ ַׁׂÚֹ ֳװַּׁ ַבדהַÛׁזÝ;sader\3\328.pdf;ÊÞ;10-Mar-24;3;2024
1371;ָבַ;ָבַ;;332;11-Mar-24;ָבַ;הÙַד ַבדזּזַֿÊ ַבַָֻÊֹ;;Þ׃ד Êßהבזַָּ ַבדÚבזדַÊ;sader\3\332.pdf;ÊÞ;10-Mar-24;3;2024
1372;ָבַ;ָבַ;;326;11-Mar-24;ָבַ;דÊ״בַָÊ ַÚבַה;;Þ׃ד ַבֵהÞַ׀ ַבָֽׁם;sader\3\326.pdf;ÊÞ;10-Mar-24;3;2024
1373;ָבַ;ָבַ;;337;11-Mar-24;ָבַ;ÊזÝםׁ ַÚÊדַֿ דַבם;;Þ׃ד ַבװִזה ַבדַבםֹ;sader\3\337.pdf;ÊÞ;10-Mar-24;3;2024
1374;ָבַ;ָבַ;;336;11-Mar-24;ָבַ;ÊֿÞםÞ ַבזֶַֻÞ ַבÞםַ׃םֹ בבדהַÞױֹ 1ײ3 דזַהלֱ 2024 Êױבםֽ ָּ ַבַׁÝÚֹ ֽדׁםה (דזַֿ+ Úדב);;ַבÞ׃ד ַבÞַהזהם;sader\3\336.pdf;ÊÞ;10-Mar-24;3;2024
1375;ָבַ;ָבַ;;333;11-Mar-24;ָבַ;דÊ״בַָÊ ַÚבַה דהַÞױֹ Êּוםׂ בׁÝַ׃ַÊ ַב׃ַָֽÊםה (ַבַׁםֹ זַבÝÊֽ ַבדָםה);;Þ׃ד ַבד׃ַÝה זַבױהַÚַÊ ַבָֽׁםֹ;sader\3\333.pdf;ֽם;10-Mar-24;3;2024
1376;ָבַ;ָבַ;;340;;ָבַ;דהַÞױֹ 8-דזַהֶ-2024 cnc דַßהֹ Þ״Ú ÊֿÞםÞ זֶַֻÞ;;ַבÞ׃ד ַבÞַהזהם;sader\3\340.pdf;ֽם;10-Mar-24;;
1377;ָבַ;ָבַ;;335;11-Mar-24;ָבַ;ַבֿÚזֹ 1 דזַהלֱ 2021 Êבםֽ דהÙזדֹ ַבֽÝַֹׁ ßַָׁ;;ַב׃םֿ ַבדÚַזה - ַ״בÚ ֽזב ַבל ַבדÊַָÚֹ;sader\3\335.pdf;ÊÞ;11-Mar-24;3;2024
1378;6136;ָבַ;;ָבַ;;ָבַ;ױבַֽםַÊ ÊהÝם׀ ַבדזַׂהֹ ַבַÊַֽֿםֹ;;זַֹׁׂ ַבהÞב דßהÊָ דׂÚַבם ַבזׂםׁ;;ÊÞ;11-Mar-24;3;2024
1379;ָבַ;ָבַ;;345;13-Mar-24;ָבַ;Êװßםב בּהֹ דװÊׁםַÊ ַםַׁÊַׁß;;Þ׃ד ַבÊ־״ם״ זַבדÊַָÚֹ;sader\3\345.pdf;ÊÞ;11-Mar-24;3;2024
1380;ָבַ;ָבַ;;347;13-Mar-24;ָבַ;ָםַה ֵדßַהםֹ;;Þ׃ד ַבד׃ַÝה זַבױהַÚַÊ ַבָֽׁםֹ;sader\3\347.pdf;ֽם;11-Mar-24;3;2024
1381;ָבַ;ָבַ;;348;14-Mar-24;ָבַ;ÚÞזֿ װׁßֹ הÝ״ ַבָױֹׁ;;דßÊָ ַב׃םֿ דÚַזה ַבדֿםׁ ַבÚַד בבװִזה ַבדַבםֹ ַבֵַֿׁםֹ;sader\3\348.pdf;ֽם;11-Mar-24;3;2024
1382;ָבַ;ָבַ;;350;14-Mar-24;ָבַ;ÚÞֿ ַבדהַÞױֹ 2-דזַהֶ-2022 ָהֱַ ׂזׁÞ ֵ״Ýֱַ זׂזׁÞ Êבזֻ;;Þ׃ד ַבװִזה ַבָֽׁםֹ וםֶֹ דװׁזÚ Ê״זםׁ ַבװִזה ַבָֽׁםֹ;sader\3\350.pdf;ֽם;11-Mar-24;3;2024
1383;ָבַ;ָבַ;;349;14-Mar-24;ָבַ;ַבהװַ״ ַבֳ׃ָזÚם;;ַבÊֿÞםÞ;sader\3\349.pdf;ֽם;11-Mar-24;3;2024
1384;ָבַ;ָבַ;;353;14-Mar-24;ָבַ;דװׁזÚ Êױבםֽ ַבַׁÝÚֹ ׃הַד;;ָבַ;sader\3\353.pdf;ÊÞ;14-Mar-24;3;2024
1385;ָבַ;ָבַ;;356;17-Mar-24;ָבַ;ÚÞֿ ַבדהַÞױֹ 3 דזַהלֱ 2022 ָהֱַ ׂזַׁÞ Êבזֻ זׁױםÝ Úֶַד;;Þ׃ד ַבװִזה ַבָֽׁםֹ;sader\3\356.pdf;ÊÞ;14-Mar-24;3;2024
1386;ָבַ;ָבַ;;355;17-Mar-24;ָבַ;ÚÞֿ ַבדהַÞױֹ 3 דזַהלֱ 2022 ָהֱַ ׂזׁÞ Êבזֻ זׂזׁÞ ֵ״Ýֱַ זׁױםÝ Úֶַד;;Þ׃ד ַבװִזה ַבָֽׁםֹ - וםֶֹ Ê״זםׁ ד׃װׁזÚ ַבװִזה ַבָֽׁםֹ;sader\3\355.pdf;ÊÞ;14-Mar-24;3;2024
1387;ָבַ;ָבַ;;358;17-Mar-24;ָבַ;הװׁ ַÚבַה דהַÞױֹ 12 דזַהלֱ 2024 בבדׁו ַבֳזבל;;װÚָֹ ַבÚבַÞַÊ ַבÚַדֹ זַבַÚבַד;sader\3\358.pdf;ÊÞ;14-Mar-24;3;2024
1388;6483;ָבַ;;ָבַ;;ָבַ;Ê־זםב װׁßֹ Manitowoc;;װׁßֹ ַבָהַ ַבדÊֹֽֿ בבדÞַזבַÊ זַבÊַֹּׁ ַבÚַדֹ;sader\3\6483.pdf;ÊÞ;15-Mar-24;3;2024
1389;ָבַ;ָבַ;;360;18-Mar-24;ָבַ;ÚÞֿ ַבֿÚזֹ 2 דזַהלֱ 2023 װֱַׁ ׃םַַׁÊ Úֿֿ 9 הזÚ בַהֿßׁזׂ ÊזםזÊַ דזֿםב 2023;;Þ׃ד ַבװִזה ַבדַבםֹ;sader\3\360.pdf;ÊÞ;15-Mar-24;3;2024
1390;ָבַ;ָבַ;;361;18-Mar-24;ָבַ;ÚÞֿ ַבדהַÞױֹ 3 דזַהלֱ 2022 ָהֱַ ׂזׁÞ Êבזֻ זׂזׁÞ ַ״Ûֱַ זׁױםÝ Úֶַד;;ַבÞ׃ד ַבÞַהזהם;sader\3\361.pdf;ÊÞ;16-Mar-24;3;2024
1391;ָבַ;ָבַ;;ָבַ;;ָבַ;ַ;;ָבַ;;ÊÞ;16-Mar-24;;
1392;ָבַ;ָבַ;;363;18-Mar-24;ָבַ;Ê׃זםֹ ׃בÝ ַבֽßזדםֹ;;Þ׃ה ַבװִזה ַבדַבםֹ װÚָֹ ַב־״ֹ ַבַ׃Êֻדַׁםֹ;sader\3\363;ÊÞ;16-Mar-24;3;2024
1393;ָבַ;ָבַ;;366;19-Mar-24;ָבַ;װׁßֹ ַבÚדםֿ בבÊַֹּׁ ַבÚַדֹ זַבÊּוםׂ ַבדֽֿזֹֿ;;ָבַ;sader\3\366.pdf;ÊÞ;16-Mar-24;3;2024
1394;ָבַ;ָבַ;;370;19-Mar-24;ָבַ;דßַÝַֹ בַּה;;ַב׃םֿ ַבדֿםׁ ַבÚַד;sader\3\370.pdf;ֽם;17-Mar-24;3;2024
1395;ָבַ;ָבַ;;373;20-Mar-24;ָבַ;ַבהװַ״ ַבֳ׃ָזÚם;;Þ׃ד ַבÊ־״ם״;sader\3\373.pdf;ֽם;21-Mar-24;3;2024
1396;ָבַ;ָבַ;;372;20-Mar-24;ָבַ;ַ״בַÞ ֿÝÚֹ דהַÞױֹ 4-דזַהֶ-2022 ַׁׂÚֹ ֳװַּׁ ַבדַהßׁזÝ;;Þ׃ד ַבװִזה ַבָֽׁםֹ וםֶֹ ַבדװׁזÚ;sader\3\372.pdf;ֽם;21-Mar-24;3;2024
1397;ָבַ;ָבַ;;377;24-Mar-24;ָבַ;ַבד׃ַודֹ Ýם ַבװׁßַÊ ַבד־Êב״ֹ;;ַבÞ׃ד ַבÞַהזהם;sader\3\377.pdf;ֽם;21-Mar-24;3;2024
1398;ָבַ;ָבַ;;379;24-Mar-24;ָבַ;ַ״בַÞ ֿÝÚֹ 4-דזַהֶ-2022 ַׁׂÚֹ ֳװַּׁ ַבדַהßׁזÝ;;Þ׃ד ַבÊÝÊםװ ַבָֽׁם;sader\3\379.pdf;ֽם;21-Mar-24;3;2024
1399;ָבַ;ָבַ;;381;24-Mar-24;ָבַ;הÙַד ַבדזּזַֿÊ ַבַָֻÊו;;Þ׃ד ַבÊֿÞםÞ זַבׁÞַָֹ;sader\3\381.pdf;ֽם;21-Mar-24;3;2024
1400;ָבַ;ָבַ;;378;24-Mar-24;ָבַ;דהַÞױֹ דֽֿזֹֿ Êױַדםד דּדÚ ׃ßהם ַָדÞױׁ;;Þ׃ד ַבװִזה ַבוהֿ׃םֹ;sader\3\378.pdf;ֽם;21-Mar-24;3;2024
1402;ָבַ;ָבַ;;1;24-Mar-24;ָבַ;3-דזַהֶ-2024 Êַוםב װָßֹ ַד Þױׁ;;װÚָֹ ַבÊÚַÞַֿÊ;sader\3\בּהֹ ַבַֿׁ׃ֹ זַבÊֽבםב\3-דזַהֶ-2024.pdf;ֽם;22-Mar-24;3;2024
1405;ָבַ;ָבַ;;382;25-Mar-24;ָבַ;ÚÞֿ דהַÞױֹ 4-דזַהֶ-2022 ַׁׂÚֹ ֳװַּׁ ַבדַהßׁזÝ;;Þ׃ד ַבÊÝÊםװ ַבָֽׁם וםֶֹ ַבדװׁזÚ;sader\3\382.pdf;ֽם;22-Mar-24;3;2024
1406;ָבַ2;ָבַ;;383;25-Mar-24;ָבַ;ַבÚÞֿ ַבדׁÞד 1136 Ýם 7-6-2015;;ַבÞַהזהם;sader\3\383.pdf;ֽם;22-Mar-24;3;2024
1408;ָבַ;ָבַ;;386;25-Mar-24;ָבַ;ַבֿÚזֹ 1-דזַהֶ-2021 Êױבםֽ דהÙזדֹ ßַָׁ ַבֽÝַֹׁ ֿוזß;;בּהֹ Êױבםֽ ַבֽÝַֹׁ ֿוזß;sader\3\386.pdf;ֽם;23-Mar-24;3;2024
1409;ָבַ;ָבַ;;387;25-Mar-24;ָבַ;הÙַד ַבדזּזַֿÊ ַבַָֻÊֹ;;Þ׃ד ַבÊֿÞםÞ;sader\3\387.pdf;ֽם;23-Mar-24;3;2024
1410;ָבַ;ָבַ;;388;26-Mar-24;ָבַ;Êװßםב בַּה;;ַב׃םֿ ַבדֿםׁ ַבÚַד;sader\3\388.pdf;ֽם;23-Mar-24;3;2024
1411;ָבַ;ָבַ;;390;26-Mar-24;ָבַ;דהַÞױֹ 3 דזַהלֱ 2024 Êֳוםב װָßֹ ßוֶַָׁםֹ בםדםהֱַ ַד Þױׁ ַבּהזָם;;בּהֹ ַבַֿׁ׃ֹ זַבÊַֽבםב בבדהַÞױַÊ זַבֿÚזַÊ;sader\3\390.pdf;ֽם;23-Mar-24;3;2024
1412;ָבַ;ָבַ;;ָבַ;26-Mar-24;ָבַ;ֵÚַֹֿ ַÚבַה דהַÞױֹ 1דזַהֶ-2024 ַÚדַב Êַוםב דֽ״ֹ Êֽבםֹ דםַו ־זׁ ַבָׂםׁ;;ַב׃םֿ ַבדֿםׁ ַבÚַד;sader\3\ַÚַֹֿ ַÚבַה דהַÞױֹ 1-2024.pdf;ֽם;24-Mar-24;3;2024
1414;ָבַ;ָבַ;;393;27-Mar-24;ָבַ;ֵÚַֹֿ ַÚבַה דהַÞױֹ 1-דזַהֶ-2024 ַÚדַב Êַוםב דֽ״ֹ Êֽבםֹ דםַו ־זׁ ַבָׂםׁ;;Þ׃ד ַבװִזה ַבוהֿ׃םֹ;sader\3\393.pdf;ֽם;24-Mar-24;3;2024
1415;ָבַ;ָבַ;;394;27-Mar-24;ָבַ;ÊזÞםÚ ÚÞֿ ַבֿÚזֹ 1-דזַהֶ-2023 Êױבםֽ ַבֽÝַֹׁ Êֽׁםׁ;;ַבװִזה ַבָֽׁםֹ;sader\3\394.pdf;ֽם;24-Mar-24;3;2024
1416;ָבַ;ָבַ;;398;28-Mar-24;ָבַ;ד־זבם דױׁÝהַ Úה ־״ַַָÊ ַבײדַה ב׃הֹ 2024;;Þ׃ד ַבװִזה ַבוהֿ׃םֹ;sader\3\398.pdf;ÊÞ;25-Mar-24;3;2024
1417;ָבַ;ָבַ;;399;28-Mar-24;ָבַ;ַבהװַ״ ַבֳ׃ָזÚם זַבד־״״;;Þ׃ד ַבÊ־״ם״ זַבדÊַָÚֹ;sader\3\399.pdf;ÊÞ;25-Mar-24;3;2024
1418;ָבַ;ָבַ;;401;28-Mar-24;ָבַ;ÚÞֿ ַבדההַÞױֹ 3 דזַהלֱ 2022;;Þ׃ד ַבװִזה ַבָֽׁםֹ;sader\3\401.pdf;ÊÞ;25-Mar-24;3;2024
1419;7264;ָבַ;;7264;28-Mar-24;ָבַ;Êהזםו ַב־ַױ 6-דזַהֶ-2024 ַהװֱַ דֽ״ֹ Êֽזםבםֹ בבַׁױÝֹ ַבּהזָםֹ ־זׁ ַבָׂםׁ;;ßַÝֹ ַבװׁßַÊ;sader\3\Êהזםו 7264.pdf;ֽם;31-Mar-24;3;2024
1420;ָבַ;ָבַ;;402;28-Mar-24;ָבַ;ÊֿÞםÞ ַבזֶַֻÞ ַבÞםַ׃םֹ 15-דזַהֶ-2024 Êּוםׂ ָזßבַםה דÚ ַבדזַֿ ַבַֽÊםַ״םו;;ַבÞַהזהם;sader\3\402.pdf;ֽם;31-Mar-24;3;2024
1421;ָבַ;ָבַ;;406;31-Mar-24;ָבַ;דװׁזÚ Êױבםֽ ַבַׁÝÚֹ ׃הַד;;ַבֵהÞַ׀ ַבָֽׁם;sader\3\406.pdf;ֽם;31-Mar-24;3;2024
1422;ָבַ;ָבַ;;407;31-Mar-24;ָבַ;דÊ״בַָÊ ַÚבַה דהַÞױֹ Êּוםׂ דזַֿ ַֽÊםַ״םו בׁÝַ׃ַÊ ַב׃ַָֽÊםה ַבַׁםו זַבÝÊֽ ַבדָםה;;ַבד׃ַÝה;sader\3\407.pdf;ֽם;31-Mar-24;3;2024
1423;ָבַ;ָבַ;;408;31-Mar-24;ָבַ;ַבדהַÞױÊםה ַבדֽֿזֿÊםה בַÚַֿֿ זÊֿÞםÞ Êױַדםד;;ַבװִזה ַבוהֿ׃םֹ;sader\3\408.pdf;ֽם;31-Mar-24;3;2024
1424;ָבַ;ָבַ;;413;02-Apr-24;ָבַ;ÊזÝםׁ ַÚÊדַֿ דַבם;;Þ׃ד ַבװִזה ַבדַבםֹ;sader\4\413.pdf;ÊÞ;02-Apr-24;4;2024
1425;ָבַ;ָבַ;;414;02-Apr-24;ָבַ;ַבדהַÞױֹ ַב־ַױֹ ָÊּוםׂ ַבדזבַֿÊ ַבֶׁם׃םֹ זַבßזבַׁÊ זַבַהÊׁßזבׁ בב׃ַָֽÊםה ַבַׁםֹ זַבÝÊּֽ ַבדָםה  Úֿֿ 6;;Þ׃ד ַבד׃ַÝה זַבױהַÚַÊ ַבָֽׁםֹ;sader\4\414.pdf;ÊÞ;02-Apr-24;4;2024
1426;ָבַ;ָבַ;;415;02-Apr-24;ָבַ;דזÞÝ ָדהַÞױַÊ ַב־״ֹ ַבÊװÛםבֹ ב׃הו 2024;;Þ׃ד ַבÊ־״ם״ זַבדÊַָÚֹ;sader\4\415.pdf;ÊÞ;02-Apr-24;4;2024
1427;ָבַ;ָבַ;;417;02-Apr-24;ָבַ;Êׁװםֽ ֳÚײֱַ בּהֹ;;ַבÞ׃ד ַבÞַהזהם;sader\4\417.pdf;ÊÞ;02-Apr-24;4;2024
1428;ָבַ;ָבַ;;416;02-Apr-24;ָבַ;Êׁװםֽ ֳÚײֱַ בּהֹ;;Þ׃ד ַבÊ־״ם״ זַבדÊַָÚֹ;sader\4\416.pdf;ÊÞ;02-Apr-24;4;2024
1429;ָבַ;ָבַ;;419;02-Apr-24;ָבַ;Êׁװםֽ ֳÚײֱַ בּהֹ;;Þ׃ד ַבװִזה ַבוהֿ׃םֹ;sader\4\419.pdf;ÊÞ;02-Apr-24;4;2024
1430;ָבַ;ָבַ;;418;02-Apr-24;ָבַ;Êׁװ׃ֽ ֳÚײֱַ בּהֹ;;Þ׃ד ַבװִזה ַבדַבםֹ;sader\4\418.pdf;ÊÞ;02-Apr-24;4;2024
1431;ָבַ;ָבַ;;426;04-Apr-24;ָבַ;ַבדהַÞױÊםה ַבדֽֿזֿÊםה ַהװֱַ דּדÚ ׃ßהם;;ַבוהֿ׃םָֹ;sader\4\426.pdf;ֽם;04-Apr-24;4;2024
1432;ָבַ;ָבַ;;425;04-Apr-24;ָבַ;הװַ״ ַ׃ָזÚם 4-4-2024;;Þ׃ד ַבÊ־״ם״;sader\4\425.pdf;ֽם;04-Apr-24;4;2024
1433;ָבַ;ָבַ;;421;03-Apr-24;ָבַ;ַ׃ÊÝ׃ַׁ ַבדהַÞױֹ 7 דזַהלֱ 2024;;Þ׃ד ַבװִזה ַבוהֿ׃םֹ;sader\4\421.pdf;ֽם;07-Apr-24;4;2024
1434;ָבַ;ָבַ;;431;07-Apr-24;ָבַ;Êּוםׂ דזבַֿÊ זַבßזבַׁÊ זַבַהÊׁßזבׁ בב׃ַָֽÊםה ַבַׁםֹ זַבÝÊֽ ַבַדָםה;;Þ׃ד ַבד׃ַÝה זַבױהַÚַÊ;sader\4\431.pdf;ֽם;07-Apr-24;4;2024
1435;ָבַ;ָבַ;;432;07-Apr-24;ָבַ;Þַׁׁ ּֽׂ ַבֳדזַב ַבדהÞזבֹ זÛםׁ ַבדהÞזבֹ;;ַבÞ׃ד ַבÞַהזהם;sader\4\432.pdf;ֽם;07-Apr-24;4;2024
1436;ָבַ;ָבַ;;434;07-Apr-24;ָבַ;ÊזÝםׁ ַÚÊדַֿ דַבם בבדהַÞױֹ 4 דזַהלֱ 2024;;Þ׃ד ַבֽÝׁ ַבָֽׁם;sader\4\434.pdf;ֽם;07-Apr-24;4;2024
1437;ָבַ;ָבַ;;435;07-Apr-24;ָבַ;ױׁÝ דָבÛ דַָװׁ;;דÚַזה ַבדֿםׁ ַבÚַד;sader\4\435.pdf;ֽם;07-Apr-24;4;2024
1438;ָבַ;ָבַ;;436;07-Apr-24;ָבַ;Êדֿםֿ ־״ַָ ײדַה 2-דזַהֶ-2022 װÚָֹ ַבַÚÊדַַֿÊ ַבד׃Êהֿםֹ;;Þ׃ד ַבװִזה ַבדַבםֹ;sader\4\436.pdf;ֽם;08-Apr-24;4;2024
1439;ָבַ;ָבַ;;439;08-Apr-24;ָבַ;ֵÚַֹֿ ַÚבַה ַבדהַÞױֹ 3-דזַהֶ-2024 Êַוםב ßוֱַָׁ בדםהֱַ ַד Þױׁ;;Þ׃ד ַבװִזה ַבדַבםֹ;sader\4\439.pdf;ֽם;08-Apr-24;4;2024
1440;ָבַ;ָבַ;;444;08-Apr-24;ָבַ;ÚÞֿ ַבדהַÞױֹ 3-דזַהֶ-2022 ָהֱַ ׂזׁÞם ַ״Ûֱַ זÊבזֻ;;Þ׃ד ַבװִזה ַבָֽׁםֹ;sader\4\444.pdf;ֽם;08-Apr-24;4;2024
1441;ָבַ;ָבַ;;445;08-Apr-24;ָבַ;ַÚבַה דהַÞױֹ;;ַב׃םֿ ַבדֿםׁ ַבÚַד;sader\4\445.pdf;ֽם;08-Apr-24;4;2024
1442;ָבַ;ָבַ;;448;14-Apr-24;ָבַ;ַÚÊדַֿ  1-דזַהֶ-2021 Êױבםֽ דהÙזדֹ ßַָׁ ַבֽÝַֹׁ ֿוזß;;ַבדַבםֹ;sader\4\448.pdf;ֽם;15-Apr-24;4;2024
1443;ָבַ;ָבַ;;450;14-Apr-24;ָבַ;דהַÞױֹ Êַדםה Úבל ַבזַֽֿÊ ַבָֽׁםֹ;;ַבװִזה ַבָֽׁםֹ װÚָֹ ַבÊַדםה ַבָֽׁםֹ;sader\4\450.pdf;ֽם;15-Apr-24;4;2024
1444;ָבַ;ָבַ;;ָבַ;;ָבַ;ָבַ;;ָבַ;sader\4\451.pdf;ֽם;15-Apr-24;;
1445;ָבַ;ָבַ;;402;28-Mar-24;ָבַ;ÊֿÞםÞ ַבזֱַֻÞ ַבÞםַ׃םֹ בבדהַÞױֹ 15 דזַהלֱ;;ַבÞ׃ד ַבÞַהזהם;sader\4\402.pdf;ֽם;15-Apr-24;3;2024
1446;ָבַ;ָבַ;;458;15-Apr-24;ָבַ;ֵÚַֹֿ ַÚבַה ַבדהַÞױֹ 9 דזַהלֱ 2024 Êֳוםב ׁÝַ׃ַÊ ַב׃ַָֹֽ װםדֱַ;;Þ׃ד ַבד׃ַÝה זַבױהַÚַÊ ַבָֽׁםֹ;sader\4\458.pdf;ֽם;15-Apr-24;4;2024
1447;ָבַ;ָבַ;;461;15-Apr-24;ָבַ;Êֳוםב ַבַׁÝÚֹ ßׁזÝ 150 ״ה;;Þ׃ד ַבֵהÞַ׀ ַבָֽׁם;sader\4\461.pdf;ֽם;16-Apr-24;4;2024
1448;ָבַ;ָבַ;;462;15-Apr-24;ָבַ;ÚÞֿ ַבדהַÞױֹ 2 דזַהלֱ 2022;;Þ׃ד ַב׃ם״ֹׁ זַבÊזּםֹ ַבָֽׁם;sader\4\462.pdf;ֽם;16-Apr-24;4;2024
1449;ָבַ;ָבַ;;463;15-Apr-24;ָבַ;ÚÞֿ ַבדהַÞױֹ 3 דזַהלֱ 2022;;ָבַ;sader\4\463.pdf;ֽם;16-Apr-24;4;2024
1450;ָבַ;ָבַ;;466;16-Apr-24;ָבַ;ÊזÞםÚ ÚÞֿ ַבֿÚזֹ 1 דזַהלֱ 2023 Êױבםֽ ַבֽÝַֹׁ Êֽׁםׁ;;Þ׃ד ַבװִזה ַבָֽׁםֹ - װÚָֹ  ַבÊֳדםה ַבָֽׁם;sader\4\466.pdf;ֽם;16-Apr-24;4;2024
1451;ָבַ;ָבַ;;474;16-Apr-24;ָבַ;ײזַָ״ דהֽ ַבֹּֿׁ ַבדדÊַׂו;;ַבÞַהזהם;sader\4\474.pdf;ֽם;16-Apr-24;4;2024
1452;ָבַ;ָבַ;;467;16-Apr-24;ָבַ;ַ׃ÊÝ׃ַׁ;;ַבװִזה ַבוהֿ׃םֹ;sader\4\467.pdf;ֽם;16-Apr-24;4;2024
1453;ָבַ;ָבַ;;471;16-Apr-24;ָבַ;ַÚבַה דהַÞױֹ Êַוםב ַבדßֶַה ַבֶׁם׃םֹ בב׃ַָֽÊםה ַבַׁםֹ זַבÝÊֽ ַבדָםה;;ַבד׃ַÝה;sader\4\471.pdf;ֽם;16-Apr-24;4;2024
1456;ָבַ;ָבַ;;467;;ָבַ;ָבַ;;ָבַ;;ֽם;17-Apr-24;;
1457;ָבַ;ָבַ;;475;17-Apr-24;ָבַ;ÚÞֿ ַבָהֱַ 3/דזַהֶ/2022 ָהֱַ ׂזׁÞ ֵ״Ýֱַ זׂזׁÞ Êבזֻ;;װׁßֹ utm ָהֱַ ׂזׁÞ ֵ״Ýֱַ;sader\4\475.pdf;ֽם;17-Apr-24;4;2024
1458;ָבַ;ָבַ;;476;17-Apr-24;ָבַ;ֵÚַֹֿ ַÚבַה 3/דזַהֶ/2024 Êַוםב װָßֹ ßוֱַָׁ ַד Þױׁ ַבּהזָם;;ָבַ;;ֽם;17-Apr-24;4;2024
1459;ָבַ;ָבַ;;476;17-Apr-24;ָבַ;דÊ״בַָÊ ַÚבַה דהַÞױֹ Êּוםׂ דזַֿ ַֽÊםַ״םֹ בׁÝַ׃ַÊ ַב׃ַָֽÊםה ַבַׁםֹ זַבÝÊּ ַבדָםה;;Þ׃ד ַבד׃ַÝה;sader\4\47611.pdf;ֽם;17-Apr-24;4;2024
1460;8432;ָבַ;;8432;17-Apr-24;ָבַ;ֵÚַֹֿ ַÚבַה ַבדהַÞױֹ 3/דזַהֶ/2024 Êַוםב װָßֹ ßוֱַָׁ ַד Þױׁ;;ֶַֿׁ ַב־םׁ;sader\4\8432.pdf;ֽם;18-Apr-24;4;2024
1461;ָבַ;ָבַ;;478;17-Apr-24;ָבַ;בּהֹ ַבַֿׁ׃ֹ זַבÊֽבםב זד׀ßֹׁ ׃Ê וֿל ַבדÞÊַֽׁÊ;;ßַÝֹ ַÞ׃ַד ַבדÚהםֹ ַָבבַּה;sader\4\478.pdf;ֽם;18-Apr-24;4;2024
1462;ָבַ;ָבַ;;479;17-Apr-24;ָבַ;ַבהװַ״ ַבַ׃ָזÚם זַבד־״״בÞ׃ד ַבÚÞזֿ דה 14/3/2024 ַבל 17/4/2024 זַבד־״״ ַבֳ׃ָזÚם 21/4/2024 בÛַםֹ 25/4/2024;;Þ׃ד ַבÊ־״ם״ זַבדÊַָÚֹ;sader\4\479.pdf;ֽם;18-Apr-24;4;2024
1463;ָבַ;ָבַ;;ָבַ;;ָבַ;ָבַ;;ָבַ;;ֽם;18-Apr-24;;
1464;ָבַ;ָבַ;;8563;18-Apr-24;ָבַ;ױֹֽ ױֿזׁ דזױב ֳ׃ַדֹ  װׁßֹ דװַׁÝ ַבָױֹׁ;;דױׁÝ ַבדזױב;sader\4\8563.pdf;ֽם;21-Apr-24;4;2024
1465;8566;ָבַ;;8566;18-Apr-24;ָבַ;ױֹֽ ױֿזׁ ֶַֿׁ ַב־םׁ;;דױׁÝ ַבַׁÝֿםה;sader\4\8566.pdf;ֽם;21-Apr-24;4;2024
1466;ָבַ;ָבַ;;8564;18-Apr-24;ָבַ;ױֹֽ ױֿזׁ Êַםםֿ ֽ׃ַָ דװַׁÝ ַבָױֹׁ ֳ׃ַדֹ דֽדֿ;;דױׁÝ ַבדזױב בבÊהדםֹ;sader\4\8564.pdf;ֽם;21-Apr-24;4;2024
1467;ָבַ;ָבַ;;8567;18-Apr-24;ָבַ;ַהÊÝֱַ ַֹּֽ;;דױׁÝ ַבֻÞֹ ַבֿזבם ַבֵ׃בַדם;sader\4\8567.pdf;ֽם;21-Apr-24;4;2024
1468;ָבַ;ָבַ;;8562;18-Apr-24;ָבַ;ױֹֽ ױֿזׁ ־״ַָ ײדַה ֶַֿׁ ַב־םׁ -וַהם Úם׃ל ַֽזם;;ַבדױׁÝ ַבֿזבם ַבֵ׃בַדם ָױֹׁ;sader\4\8562.pdf;ֽם;21-Apr-24;4;2024
1469;ָבַ;ָבַ;;ָבַ;;ָבַ;ָבַ;;ָבַ;;ֽם;21-Apr-24;;
1470;ָבַ;ָבַ;;494;21-Apr-24;ָבַ;ÚÞַֿבדהַÞױֹ 3/ דזַהלֱ/2024;;Þ׃ד ַבװִזה ַבָֽׁםֹ;sader\4\494.pdf;ÊÞ;22-Apr-24;4;2024
1471;ָבַ;ָבַ;;493;21-Apr-24;ָבַ;Êדֿםֿ ־״ַָ ײדַה ֽ׃ה ַבÊהÝם׀;;Þ׃ד ַבװִזה ַבדַבםֹ;sader\4\493.pdf;ÊÞ;22-Apr-24;4;2024
1472;ָבַ;ָבַ;;496;22-Apr-24;ָבַ;דÊ״בַָÊ ַםÝַֿ ÚÞֿ ַבדהַÞױֹ 3/דזַהֶ/2022  ָהֱַ ׂזׁÞ ֵ״Ýֱַ זׂזׁÞ Êבזֻ;;ַבָֽׁםֹ;sader\4\496.pdf;ÊÞ;22-Apr-24;4;2024
1473;ָבַ;ָבַ;;497;22-Apr-24;ָבַ;ÚÞֿ ַבדהַÞױֹ 3/דזַהֶ/2022 ָהֱַ ׂזׁÞ ֵ״Ýֱַ זׂזׁÞ Êבזֻ;;Þ׃ד ַבװִזה ַבָֽׁםֹ;sader\4\497.pdf;ÊÞ;22-Apr-24;4;2024
1474;ָבַ;ָבַ;;504;22-Apr-24;ָבַ;ÚÞֿ ַבדהַÞױֹ 3/דזַהֶ/2022 ָהֱַ ׂזׁÞ ֵ״Ýֱַ זÊבזֻ utm;;ַבװִזה ַבָֽׁםֹ;sader\4\504.pdf;ֽם;23-Apr-24;4;2024
1475;ָבַ;ָבַ;;509;23-Apr-24;ָבַ;דהױֹ ַהַּׂ ֽßזדםֹ;;Þ׃ד ַבÊ־״ם״ זַבדÊַָÚֹ;sader\4\509.pdf;ֽם;23-Apr-24;4;2024
1476;ָבַ;ָבַ;;510;23-Apr-24;ָבַ;ֵÚַֹֿ ַÚבַה 1/דזַהֶ/2024 ַÚדַב Êַוםב דֽ״ֹ ßוֱַָׁ ־זׁ ַבָׂםׁ;;ַבוהֿ׃םֹ;sader\4\510.pdf;ֽם;23-Apr-24;4;2024
1477;ָבַ;ָבַ;;507;23-Apr-24;ָבַ;װֱַׁ ׃םַַׁÊ הזÚ בַהֿßׁזׂ Úֿֿ 12;;ַבÞׁײ ַבםַַָהם;sader\4\507.pdf;ֽם;23-Apr-24;4;2024
1478;ָבַ;ָבַ;;504;;ָבַ;ָבַ;;ָבַ;;ֽם;23-Apr-24;;
1479;ָבַ;ָבַ;;512;23-Apr-24;ָבַ;ַבֿÚזֹ 1 דזַהלֱ 2023 Êױבםֽ ַבֽÝַֹׁ Êֽׁםׁ;;Þ׃ד ַבװִזה ַבָֽׁםֹ;sader\4\512.pdf;ÊÞ;23-Apr-24;4;2024
1480;ָבַ;ָבַ;;9040;24-Apr-24;ָבַ;ÚÞֿ 3/דזַהֶ/2022 ָהֱַ ׂזׁÞ ֵ״Ýֱַ זׂזׁÞ Êבזֻ;;װׁßֹ utm;sader\4\9040.pdf;ֽם;24-Apr-24;4;2024
1481;ָבַ;ָבַ;;9041;24-Apr-24;ָבַ;ÚÞֿ ַבדהַÞױֹ 3/דזַהֶ/2022 ָהֱַ ׂזׁÞ װׁßֹ utm ּזַַׂÊ;;װׁßֹ utm ּזַַׂÊ;sader\4\9041.pdf;ֽם;24-Apr-24;4;2024
1482;ָבַ;ָבַ;;12;24-Apr-24;ָבַ;ױֹֽ ױֿזׁ ַÚדַב דהֹּׂ;;Þ׃ ַבÚÞזֿ;sader\4\12.pdf;ֽם;25-Apr-24;4;2024
1483;ָבַ;ָבַ;;13;;ָבַ;ָבַ;;ָבַ;;ֽם;25-Apr-24;;
1484;ָבַ;ָבַ;;521;25-Apr-24;ָבַ;Êדֿםֿ ־״ַָ ײדַה ֽ׃ה;;ַב׃ם״ֹׁ זַבÊזּםו ַבָֽׁם;;ֽם;25-Apr-24;4;2024
1485;ָבַ;ָבַ;;506;23-Apr-24;ָבַ;דזַÞÝ;;ַב׃םֿ ַבדֿםׁ ַבÚַד;sader\4\506;ÊÞ;29-Apr-24;4;2024
1486;ָבַ;ָבַ;;538;29-Apr-24;ָבַ;Êדֿםֿ ַבדהַÞױֹ 13 דזַהלֱ 2024 Êױבםֽ ָּ ַבַׁÝÚֹ ֽדׁםה;;ַבדֿםׁ ַבÚַד;sader\4\538.pdf;ÊÞ;29-Apr-24;4;2024
1487;ָבַ;ָבַ;;539;29-Apr-24;ָבַ;Ê־ױםױ דַבם ַבדהַÞױֹ 3 דזַהלֱ;;Þ׃ד ַבװִזה ַבדַבםֹ;sader\4\539.pdf;ÊÞ;29-Apr-24;4;2024
1488;ָבַ;ָבַ;;540;29-Apr-24;ָבַ;ָםַה ֳׁם;;Þ׃ד ַבװִזה ַבוהֿ׃םֹ;sader\4\540.pdf;ÊÞ;29-Apr-24;4;2024
1489;ָבַ;ָבַ;;9555;29-Apr-24;ָבַ;װׁßו MARREL  ַבÝׁה׃םֹ ַבדÊ־ױױֹ Ýם דַּב Êױדםד זױהַÚֹ ַבדÚַֿÊ;;זַֹׁׂ ַבהÞב / ֶַֹֿׁ ַבÚÞזֿ זַבÊַׁ־םױ;sader\4\9555.pdf;ÊÞ;29-Apr-24;4;2024
1490;ָבַ;ָבַ;;543;29-Apr-24;ָבַ;הװׁ Êדֿםֿ ÛבÞ ַבדהַÞױֹ 13 / דַֹהלֱ /2024 Êױבםֽ ָּ ַבַׁÝÚֹ ֽדׁםה;;װÚָֹ ַבÚבַÞַÊ ַבÚַדֹ זַבַÚבַד;sader\4\543.pdf;ÊÞ;29-Apr-24;4;2024
1491;ָבַ;ָבַ;;536;28-Apr-24;ָבַ;Êּוםׂ דÚַֿÊ ֻÞםבֹ;;Þ׃ד ַבװִזה ַבוהֿ׃םֹ;sader\5\536.pdf;ÊÞ;02-May-24;4;2024
1492;9777;ָבַ;;9777;02-May-24;ָבַ;ÚÞֿ ַבדהַÞױֹ 3/דזַהֶ/2022 ָהֱַ ׂזׁÞ ֵ״Ýֱַ  זׂזׁÞ Êבזֻ זׁױםÝ Úֶַד;;utm װׁßֹ;sader\5\9777.pdf;ÊÞ;02-May-24;5;2024
1493;ָבַ;ָבַ;;559;05-May-24;ָבַ;דזÞÝ דֻֽֿ בװׁßֹ ßזׁß Êםבםßםזד;;ַבדַבםֹ ַבÚדבֹ ַבֳּהָםֹ;sader\5\559.pdf;ֽם;05-May-24;5;2024
1495;ָבַ;ָבַ;;9532;29-Apr-24;ָבַ;ַהÊÝֱַ ַֹּֽ ַבװׁÞ ַבֳז׃״;;דױׁÝ ָÛַֿֿ ÝׁÚ ַבדהױזׁ;sader\5\9532.pdf;ֽם;05-May-24;4;2024
1496;ָבַ;ָבַ;;9534;29-Apr-24;ָבַ;ַהÊÝֱַ ַֹּֽ װׁßֹ ַהזַׁ ַבֽ׃ה;;ָבַ;sader\5\9534.pdf;ֽם;05-May-24;4;2024
1497;ָבַ;ָבַ;;560;05-May-24;ָבַ;ַ׃Êבַד דֽׁßַÊ ַָבֿÚזֹ 2/דזַהֶ/2022 Êױבםֽ ַבדֽׁßַÊ ַבֶׁם׃םֹ בב׃ַָֽÊםה ַָה ָ״ז״ֹ זַבםׁדזß;;ַבד׃ַÝה;sader\5\560.pdf;ֽם;05-May-24;5;2024
1498;ָבַ;ָבַ;;561;05-May-24;ָבַ;ÚÞֿ ַבדהַÞױֹ 3/דזַהֶ/2022 ָהֱַ ׂזׁÞ ֵ״Ýֱַ;;ַבװִזה ַבָֽׁםֹ;sader\5\561.pdf;ֽם;05-May-24;5;2024
1499;ָבַ;ָבַ;;564;06-May-24;ָבַ;״בָ דÚבזדַÊ;;דÚַזה דֿםׁ Úַד בבװִזה ַבֵַֿׁםֹ;sader\5\564.pdf;ֽם;06-May-24;5;2024
1500;ָבַ;ָבַ;;565;06-May-24;ָבַ;Úׁײ Êֳדםה ױֽם ּדַÚם;;דÚַזה ַבדֿםׁ ַבÚַד בבװִזה ַבÝהםֹ זַבדַבםֹ;sader\5\565.pdf;ֽם;06-May-24;5;2024
1501;ָבַ;ָבַ;;579;08-May-24;ָבַ;ַÚÊדַֿ דַבם;;Þ׃ד ַבװִזה ַבדַבםֹ;sader\5\579.pdf;ֽם;09-May-24;5;2024
1502;ָבַ;ָבַ;;582;08-May-24;ָבַ;דזַÝÞֹ;;ַב׃םֿ ַבדֿםׁ ַבÚַד ַבדֽÊׁד;sader\5\582.pdf;ֽם;09-May-24;5;2024
1503;ָבַ;ָבַ;;581;08-May-24;ָבַ;ַ׃ÊÝ׃ַׁ;;בּהֹ ַבÊֽבםב זַבַֿׁ׃ֹ;sader\5\581.pdf;ֽם;09-May-24;5;2024
1504;ָבַ;ָבַ;;580;08-May-24;ָבַ;״בָ דÚבזדַÊ;;ַבÞ׃ד ַבÞַהזהם;sader\5\580.pdf;ֽם;09-May-24;5;2024
1505;ָבַ;ָבַ;;585;09-May-24;ָבַ;ַבֿÚזֹ 1/דזַהֶ/2021 Êױבםֽ דהÙזדֹ ßַָׁ ַבֽÝַֹׁ ֿוזß;;בּהֹ ַבÊזÞÝַÊ;sader\5\585.pdf;ֽם;09-May-24;5;2024
1506;ָבַ;ָבַ;;588;09-May-24;ָבַ;Êֿׁםָ ßזַֿׁ דַבםֹ;;דÚוֿ ַבדזַהֶ;sader\5\588.pdf;ֽם;09-May-24;5;2024
1507;ָבַ;ָבַ;;587;09-May-24;ָבַ;ַ׃ÊÝ׃ַַׁÊ 3/דזַהֶ/2024 Êַוםב װָßֹ ßוֱַָׁ ַד Þױׁ;;ַבװִזה ַבוהֿ׃םֹ;sader\5\587.pdf;ֽם;09-May-24;5;2024
1508;ָבַ;ָבַ;;590;09-May-24;ָבַ;ַÚÊדַֿ דַבם;;Þ׃ד ַבֽÝׁ ַבָֽׁם;sader\5\590.pdf;ֽם;09-May-24;5;2024
1509;ָבַ;ָבַ;;ָבַ;;ָבַ;ָבַ;;ָבַ;;ֽם;09-May-24;;
1510;ָבַ;ָבַ;;589;09-May-24;ָבַ;ÊֿÞםÞ זֶַֻÞ Þםַ׃םֹ 18/דזַהֶ/2024 װֱַׁ ׃םַַׁÊ ָםß ַָ װזÝׁ בםÊ Úֿֿ/15;;ַבÞַהזהםֹ;sader\5\589.pdf;ֽם;09-May-24;5;2024
1511;10445;ָבַ;;10445;08-May-24;ָבַ;ַ׃Êßדַב ָםַהַÊ 12/דזַהֶ/2024 ַהװֱַ דױַÚֿ ßוֶַָׁםֹ;;װׁßֹ דװַׁÝ ַבָױֹׁ;sader\5\10445.pdf;ֽם;12-May-24;5;2024
1512;ָבַ;ָבַ;;575;07-May-24;ָבַ;בּהֹ ַבדַּׁÚֹ זַבדױַֿÞֹ Úבל ַבֵַֽבֹ;;ַבדֿםׁ ַבÚַד;sader\5\575.pdf;ֽם;12-May-24;5;2024
1513;ָבַ;ָבַ;;597;09-May-24;ָבַ;ֿבםב ַבׁÞַָֹ ַבַֿ־בםֹ;;Þ׃ד ַבÊֿÞםÞ זַבׁÞַָֹ ַבַֿ־בםֹ;sader\5\597.pdf;ֽם;12-May-24;5;2024
1514;ָבַ;ָבַ;;596;09-May-24;ָבַ;ַÚÊדַֿ ד׃Êהֿם 2234923 דהַÞױֹ 2/דזַהֶ/2022 Êדֿםֿ בדֹֿ 3 ַװוׁ;;ַבװִזה ַבדַבםֹ;sader\5\596.pdf;ֽם;12-May-24;5;2024
1515;ָבַ;ָבַ;;595;09-May-24;ָבַ;ַÚÊדַֿ ד׃Êהֿם 3/דזַהֶ/2022 2231823;;ַבװִזה ַבדַבםֹ;sader\5\595.pdf;ֽם;12-May-24;5;2024
1516;ָבַ;ָבַ;;698;09-May-24;ָבַ;״בָ דÚבזדַÊ 7/דזַהֶ/2010 ז 1/דזַהֶ/2012;;Þ׃ד ַבַÊױַבַÊ זַבׁױֿ ַבָֽׁם;sader\5\598.pdf;ֽם;12-May-24;5;2024
1517;ָבַ;ָבַ;;598;09-May-24;ָבַ;״בָ דÚבזדַÊ 7/דזַהֶ/2010 ז 1/דזַהֶ/2012;;Þ׃ד ַבַÊױַבַÊ זַבׁױֿ ַבָֽׁם;sader\5\598.pdf;ֽם;12-May-24;5;2024
1518;ָבַ;ָבַ;;592;09-May-24;ָבַ;ÊֿÞםÞ זֶַֻÞ דהַÞױֹ 16/דזַהֶ/2024 Êּוםׂ דÚַֿÊ ֻÞםבֹ;;ַבÞ׃ד ַבÞַהזהם;sader\5\592.pdf;ֽם;12-May-24;5;2024
1519;10620;ָבַ;;10620;09-May-24;ָבַ;ױֹֽ ױֿזׁ Êדֿםֿ ־״ַָ ײדַה;;זַֹׁׂ ַבהÞב ֶַֹֿׁ ַבÚÞזֿ זַבÊַׁ־םױ ַבַׁװÝֹ ַבַבßÊׁזהםֹ;sader\5\10620.pdf;ֽם;12-May-24;5;2024
1520;10619;ָבַ;;10619;09-May-24;ָבַ;ַדׁ ַַֿׁם בּהֹ ַבדַּׁÚֹ זַבדױַֿÞֹ;;ַבֵַֹֿׁ;sader\5\10619.pdf;ֽם;12-May-24;5;2024
1521;ָבַ;ָבַ;;594;09-May-24;ָבַ;Êּוםׂ דÚַֿÊ ֻÞםבֹ דהַÞױֹ 17/דזַהֶ/2024;;ָבַ;sader\5\594.pdf;ֽם;12-May-24;5;2024
1522;ָבַ;ָבַ;;599;12-May-24;ָבַ;הװׁ ַÚבַה בבדֹׁ ַבֳזבל 18/דזַהֶ/2024 װֱַׁ ׃םַַׁÊ ָםß ַָ;;װÚָֹ ַבÚבַÞַÊ ַבÚַדֹ זַבַÚבַד;sader\5\599.pdf;ֽם;12-May-24;5;2024
1523;ָבַ;ָבַ;;600;12-May-24;ָבַ;ַבםֹ ÊÚזםײ ַבדÞַזבםה;;Þ׃ד ַבÊ־״ם״ זַבדÊַָÚֹ;sader\5\600.pdf;ֽם;12-May-24;5;2024
1524;ָבַ;ָבַ;;607;13-May-24;ָבַ;ֵÚַֹֿ ַזבםַÊ ה׃־ ַױבםֹ;;ַבדַבםֹ;sader\5\607.pdf;ֽם;14-May-24;5;2024
1525;ָבַ;ָבַ;;610;14-May-24;ָבַ;ַ׃Êַָֿב ֶׁם׃ בּהֹ;;Ý׃ד ַבד׃ַÝה זַבױהַÚַÊ ַבָֽׁםֹ;sader\5\610.pdf;ֽם;14-May-24;5;2024
1526;ָבַ;ָבַ;;608;13-May-24;ָבַ;ÊֿÞםÞ זֶַֻÞ דהַÞױֹ 21/דזַהֶ/2024 װֱַׁ ׃םַַׁÊ ÊזםזÊַ בוםֶֹ ַבÞׁײ ַבםַַָהם Úֿֿ/16;;ַבÞַהזהם;wared\5\908.pdf;ֽם;14-May-24;5;2024
1527;ָבַ;ָבַ;;606;13-May-24;ָבַ;Êדֿםֿ ־״ַָ ײדַה 2/דזַהֶ/2022 ַבֿÝÚֹ ַבדÞֿדֹ;;ַבדַבםֹ;sader\5\606.pdf;ֽם;14-May-24;5;2024
1528;ָבַ;ָבַ;;923;;ָבַ;ָבַ;;ָבַ;;ֽם;14-May-24;;
1529;ָבַ;ָבַ;;614;14-May-24;ָבַ;ÊÚׂםׂ ַÚÊדַֿ דַבם ֵײַÝֹ 4 ׃םַַׁÊ הזÚ וםבזß׃;;וםֶֹ ַבÞׁײ ַבםַַָהם;sader\5\614.pdf;ֽם;15-May-24;5;2024
1530;ָבַ;ָבַ;;617;15-May-24;ָבַ;דװׁזÚ Êױבםֽ ַבַׁÝÚֹ ׃הַד;;Þ׃ד ַבֵהÞַ׀ ַבָֽׁם;sader\5\617.pdf;ֽם;15-May-24;5;2024
1531;ָבַ;ָבַ;;615;;ָבַ;ָבַ;;ָבַ;;ֽם;16-May-24;;
1532;ָבַ;ָבַ;;616;15-May-24;ָבַ;ַֿׁ׃ֹ ַבÚׁײ ַבÝהם;;ַבד׃ַÝה;sader\5\616.pdf;ֽם;16-May-24;5;2024
1533;ָבַ;ָבַ;;618;15-May-24;ָבַ;״בָ דÚבזדַÊ;;ַבדÚַזה ַבֵַֿׁם;sader\5\618.pdf;ֽם;16-May-24;5;2024
1534;ָבַ;ָבַ;;627;16-May-24;ָבַ;Úׁײ Êַדםה ױֽם;;ַבÊֿÞםÞ זַבׁÞַָֹ ַבַֿ־בםֹ;sader\5\627.pdf;ֽם;19-May-24;5;2024
1535;ָבַ;ָבַ;;626;16-May-24;ָבַ;ַ׃ÊÝ׃ַַׁÊ ֽזב ַבֽ׃ַַָÊ ַב־Êַדםֹ;;בּהֹ ַבַֿׁ׃ֹ זַבÊֽבםב;sader\5\626.pdf;ֽם;19-May-24;5;2024
1536;ָבַ;ָבַ;;625;16-May-24;ָבַ;Êװßםב בַּה;;ַב׃םֿ ַבדֿםׁ ַבÚַד;sader\5\625.pdf;ֽם;19-May-24;5;2024
1537;ָבַ;ָבַ;;629;19-May-24;ָבַ;דÊַָÚֹ ÚÞזֿ;;ַבÊװÛםב ַבדװÊׁß -וםֶֹ דםהֱַ ַבÝַז -Þ׃ד ַבÊ־״ם״ זַבדÊַָÚֹ;sader\5\629.pdf;ֽם;19-May-24;5;2024
1538;ָבַ;ָבַ;;635;20-May-24;ָבַ;Êׁװםֽ ֳÚײֱַ בַּה;;Þ׃ד ַבװִזה ַבוהֿ׃םֹ;sader\5\635.pdf;ÊÞ;20-May-24;5;2024
1539;ָבַ;ָבַ;;636;20-May-24;ָבַ;Êׁװםֽ ֳÚײֱַ בַּה;;Þ׃ד ַבÊֿÞםÞ זַבׁÞַָֹ ַבדַבםֹ;sader\5\636.pdf;ÊÞ;20-May-24;5;2024
1540;ָבַ;ָבַ;;983;20-May-24;ָבַ;ָבַ;;ָבַ;;ÊÞ;20-May-24;5;2024
1541;ָבַ;ָבַ;;632;20-May-24;ָבַ;ßװÝ;;Þ׃ד ַבַÊױַבַÊ זַבׁױֿ ַבָֽׁם;sader\5\632.pdf;ÊÞ;20-May-24;5;2024
1542;ָבַ;ָבַ;;639;20-May-24;ָבַ;דהַÞױֹ ַבÊֳדםה Úבל ַבזַֽֿÊ ַבָֽׁםֹ;;Þ׃ד ַבװִזה ַבָֽׁםֹ;sader\5\639.pdf;ÊÞ;20-May-24;5;2024
1543;ָבַ;ָבַ;;637;20-May-24;ָבַ;דהַÞױֹ ַבÊֳדםה Úבל ַבזַֽֿÊ ַבָֽׁםֹ;;Þ׃ד ַבװִזה ַבָֽׁםֹ;sader\5\637.pdf;ÊÞ;20-May-24;5;2024
1544;ָבַ;ָבַ;;642;21-May-24;ָבַ;־״ַָ ײדַה ֽ׃ה ַבÊהÝם׀;;Þ׃ד ַב׃ם״ֹׁ זַבÊזּםֹ ַבָֽׁם;sader\5\642.pdf;ÊÞ;21-May-24;5;2024
1545;ָבַ;ָבַ;;643;21-May-24;ָבַ;Êדֿםֿ ־״ַָ ײדַה ֽ׃ה ַבÊהÝם׀;;Þ׃ד ַבװִזה ַבדַבםֹ;sader\5\643.pdf;ÊÞ;21-May-24;5;2024
1546;ָבַ;ָבַ;;649;21-May-24;ָבַ;Úׁײ Êֳדםה ױֽם ּדַÚם;;Þ׃ד ַבװִזה ַבדַבםֹ;sader\5\649.pdf;ÊÞ;21-May-24;5;2024
1547;ָבַ;ָבַ;;650;22-May-24;ָבַ;ÝÊֹׁ ÊזÞÝ;;ַב׃םֿ ַבדֿםׁ ַבÚַד;sader\5\650.pdf;ÊÞ;22-May-24;5;2024
1548;ָבַ;ָבַ;;654;22-May-24;ָבַ;Êׁװםֽ ֳÚײֱַ בַֿׁ׃ֹ זÊֽבםב ַבÚ״ֱַַÊ;;Þ׃ד ַבװִזה ַבדַבםֹ;sader\5\654.pdf;ÊÞ;22-May-24;5;2024
1549;ָבַ;ָבַ;;652;22-May-24;ָבַ;ַÚַֿו ַÚבַה דהַÞױֹ 14 דזַהלֱ 2024;;Þ׃ד ַבֵהÞַ׀ ַבָֽׁם;sader\5\652.pdf;ÊÞ;22-May-24;5;2024
1550;ָבַ;ָבַ;;651;22-May-24;ָבַ;ÝÊֽ ַÚÊדַֿ ד׃Êהֿם;;Þ׃ד ַבװִזה ַבדַבםֹ;sader\5\651;ÊÞ;22-May-24;5;2024
1551;ָבַ;ָבַ;;653;22-May-24;ָבַ;דהַÞױַÊ ַב־״ֹ ַבÊװÛםבֹ בÚַד 2024;;Þ׃ד ַבÊ־״ם״ זַבדÊַָÚֹ;sader\5\653.pdf;ÊÞ;22-May-24;5;2024
1552;ָבַ;ָבַ;;655;22-May-24;ָבַ;Êׁװםֽ ֳÚײֱַ בּהֹ ÝÊֽ ַבÚ״ֱַַÊ;;Þ׃ד ַבÊֿÞםÞ זַבׁÞַָֹ ַבַֿ־בםֹ;sader\5\655.pdf;ÊÞ;22-May-24;5;2024
1553;ָבַ;ָבַ;;658;22-May-24;ָבַ;ַבÊÚַׁײ ָםה ַבױבַֽםַÊ זÊÚבםדַÊ ַבÚÞזֿ ַבֽßזדםֹ;;ַב׃םֿ ַבדֿםׁ ַבÚַד;sader\5\658.pdf;ֽם;26-May-24;5;2024
1554;ָבַ;ָבַ;;671;23-May-24;ָבַ;ּֿזב ״בַָÊ ַבÊזÞÝ ַב׃ם״ֹׁ זַבד׃Ýה;;Úֹֿ ַÞ׃ַד דÚהםֹ ַָבדהַÞױַÊ;sader\5\ּֿזב ״בַָÊ ַבÊזÞÝ.pdf;ֽם;26-May-24;5;2024
1555;12048;ָבַ;;12048;26-May-24;ָבַ;דÊַָÚֹ ַבÚÞזֿ;;זַֹׁׂ ַבהÞב ֶַֹֿׁ ַבÚÞזֿ זַבÊַׁ־םױ;sader\5\12048.pdf;ֽם;26-May-24;5;2024
1556;ָבַ;ָבַ;;ָבַ;;ָבַ;ָבַ;;ָבַ;;;;;
1557;ָבַ;ָבַ;;680;27-May-24;ָבַ;דװׁזÚ Êױבםֽ ַבַׁÝÚֹ ׃הַד;;Þ׃ד ַבד׃ַÝה זַבױהַÚַÊ;sader\5\680.pdf;ֽם;27-May-24;5;2024
1558;ָבַ;ָבַ;;684;27-May-24;ָבַ;Ê־ױםױ ÛׁÝֹ ־ׂה ַײַָםׁ;;ַב׃םֿ ַבדֿםׁ ַבÚַד;sader\5\684.pdf;ֽם;27-May-24;5;2024
1559;11138;ָבַ;;ָבַ;;ָבַ;ַ׃Êßדַב ָםַהַÊ בבדהַÞױֹ 8 דזÊהלֱ 2024;;װׁßֹ ֳײזֱַ ַבׁÛםֿ;sader\5\11138.pdf;ֽם;28-May-24;5;2024
1560;ָבַ;ָבַ;;686;28-May-24;ָבַ;דהַÞױֹ 8/דזַהֶ/2024;;בּהֹ ַבַֿׁ׃ֹ זַבÊֽבםב;sader\5\686.pdf;ֽם;28-May-24;5;2024
1561;11138;ָבַ;;11138;15-May-24;ָבַ;ַ׃Êßדַב ָםַהַÊ בבדהַÞױֹ 8/דזַהֶ/2024 Êּוםׂ דßםהֹ cnc;;װׁßֹ ֳײזֱַ ַבׁÛםֿ;sader\5\11138.pdf;ֽם;28-May-24;5;2024
1562;ָבַ;ָבַ;;659;23-May-24;ָבַ;דהַÞױֹ 12/דזַהֶ/2023 ֵםױַב ַבÊםַׁ ַבßוֶַָׁם ּֿזב ״בַָÊ ÊזÞÝַÊ;;ַבװִזה ַבוהֿ׃םֹ;sader\5\659.pdf;ֽם;29-May-24;5;2024
1563;ָבַ;ָבַ;;672;23-May-24;ָבַ;ַבֿÚזֹ 2/דזַהֶ/2022 Êױבםֽ ַב׃ַָֽÊםה ַָה ָ״ז״ֹ זַבםׁדזß;;Þ׃ד ַבד׃ַÝה זַבױהַÚַÊ ַבָֽׁםֹ;sader\5\672.pdf;ֽם;29-May-24;5;2024
1564;ָבַ;ָבַ;;673;23-May-24;ָבַ;דהַÞױֹ 10/דזַהֶ/2023 ַהװֱַ ßÊÝ זÊװּםׁ ״ׁםÞ דֿ־ב דםהֶַם ַד Þױׁ ַבװדַבם זַבּהזָם;;ַבװִזה ַבוהֿ׃םֹ װÚָֹ ַבדװַׁםÚ;sader\5\673.pdf;ֽם;29-May-24;5;2024
1565;ָבַ;ָבַ;;670;23-May-24;ָבַ;דהַÞױֹ 9/דזַהֶ/2023 ֵÚַֹֿ Êַוםב ָהַםֹ ַבָֽזֻ זַבַֿׁ׃ַÊ ׃ַָÞַ;;Þ׃ד ַבװִזה ַבוהֿ׃םֹ װÚָֹ ַבדװַׁםÚ;sader\5\670.pdf;ֽם;29-May-24;5;2024
1566;ָבַ;ָבַ;;671;23-May-24;ָבַ;ÚÞֿ ַבדהַÞױֹ 2/דזַהֶ/2022 ״בַָÊ ÊזÞÝ;;Þ׃ד ַב׃ם״ֹׁ זַבÊזּםו ַבָֽׁם;sader\5\671.pdf;ֽם;29-May-24;5;2024
1567;ָבַ;ָבַ;;ָבַ;29-May-24;ָבַ;Þַׁׁ ֵַֽבֹ 10/דזַהֶ/2024 vfd ׃דַ ַבװ״;;׃דַ ַבװ״;sader\5\Þַׁׁ ַַֽבֹ דהַÞױֹ ׃דַ ַבװ״ 10.pdf;ֽם;29-May-24;5;2024
1568;ָבַ;ָבַ;;ָבַ;;ָבַ;ÊÛםׁ דזÚֿ ÛבÞ ַבדהַÞױֹ  19 דזַהלֱ 2024;;ַב׃םֿ ַבדֿםׁ ַבÚַד;sader\5\ÊÛםׁ דזÚֿ ÛבÞ ַבדהַÞױֹ 19 דזַהלֱ 2024.pdf;ֽם;29-May-24;5;2024
1569;ָבַ;ָבַ;;ָבַ;;ָבַ;ÊÛםׁ דזÚֿ  ÛבÞ דהַÞױֹ 20 דזַהלֱ 2024;;ַב׃םֿ ַבדֿםׁ ַבÚַד;sader\5\ÊÛםׁ דזÚֿ ÛבÞ דהַÞױֹ 20 דזַהלֱ 2024.pdf;ֽם;29-May-24;5;2024
1570;ָבַ;ָבַ;;693;29-May-24;ָבַ;Êױבםֽ ַבַׁÝÚֹ ׃הַד;;ַב׃םֿ דÚַזה ַבדֿםׁ ַבÚַד בבװִזה ַבÝהםֹ;sader\5\693.pdf;ֽם;30-May-24;5;2024
1571;ָבַ;ָבַ;;697;30-May-24;ָבַ;Êװßםב בּהֹ  ַֿׁ׃ֹ זÊֽבםב ֳ׃ַדֹ דֽדֿ Úַָֿבבו;;Þ׃ד ַבÊ־״ם״;sader\5\697.pdf;ֽם;30-May-24;5;2024
1572;ָבַ;ָבַ;;698;30-May-24;ָבַ;Êװßםב בּהֹ ÝÊֽ ַדב;;Þ׃ד ַבÊ־״ם״ זַבדÊַָÚֹ;sader\5\698.pdf;ֽם;30-May-24;5;2024
1573;ָבַ;ָבַ;;699;30-May-24;ָבַ;ַזבםַÊ ַבֿÚזֹ ַבַ׃ÊֶהַÝםֹ ײֿ װׁßֹ ַב׃ßß;;ַבÞ׃ד ַבÞַהזהם;sader\5\699.pdf;ֽם;30-May-24;5;2024
1574;12392;ָבַ;;ָבַ;;ָבַ;Þַׁׁ ֵַֽבֹ ַבדהַÞֹ 10 דזַהלֱ 2024;;װׁßֹ ׃דַ ַבװ״;sader\5\12392.pdf;ֽם;30-May-24;5;2024
1575;ָבַ;ָבַ;;701;30-May-24;ָבַ;ַבÊֳדםה Úבל ַבזַֽֿÊ ַבָֽׁםֹ;;Þ׃ד ַבװִזה ַבָֽׁםֹ;sader\5\701.pdf;ֽם;30-May-24;5;2024
1577;ָבַ;ָבַ;;711;03-Jun-24;ָבַ;הװׁ ַÚבַה דהַÞױֹ 7 דזַהלֱ /2024 הװׁ בבדֹׁ ַבַֻהםֹ;;װÚָֹ ַבÚבַÞַÊ ַבÚַדֹ זַבַÚבַד;sader\6\711.pdf;ÊÞ;03-Jun-24;6;2024
1578;ָבַ;ָבַ;;710;03-Jun-24;ָבַ;הװׁ ַÚבַה דהַÞױֹ 14 דזַהלֱ 2024 בבדׁו ַבַֻהםֹ;;װÚָֹ ַבÚבַÞַÊ ַבÚַדֹ זַבַÚבַד;sader\6\710.pdf;ÊÞ;03-Jun-24;6;2024
1579;ָבַ;ָבַ;;709;03-Jun-24;ָבַ;דזÞÝ דהַÞױַÊ ַב־״ֹ ַבÊװÛםבֹ 2024;;Þ׃ד ַבÊ־״ם״ זַבדÊַָÚֹ;sader\6\709.pdf;ÊÞ;03-Jun-24;6;2024
1580;ָבַ;ָבַ;;705;02-Jun-24;ָבַ;דװׁזÚ Êױבםֽ ַבַׁÝÚֹ ׃הַד;;Þ׃ד ַבד׃ַÝה;sader\6\705.pdf;ֽם;04-Jun-24;6;2024
1581;ָבַ;ָבַ;;715;04-Jun-24;ָבַ;ÚÞֿ ַבֿÚזו 1 דזַהלֱ 2023 Êױבםֽ ַבֽÝַֹׁ Êֽׁםׁ;;Þ׃ד ַבװִזה ַבדַבםֹ;sader\6\715.pdf;ֽם;04-Jun-24;6;2024
1582;ָבַ;ָבַ;;719;05-Jun-24;ָבַ;ÚÞֿ ַבדהַÞױֹ 2 דזַהלֱ 2022;;Þ׃ד ַבÊ־״ם״ זַבדÊַָÚֹ / װÚָֹ ַבדÊַָÚֹ;sader\6\719.pdf;ÊÞ;05-Jun-24;6;2024
1583;ָבַ;ָבַ;;721;05-Jun-24;ָבַ;Êװßםב בּהֹ ÝÊֽ ַבÚ״ֱַַÊ זַבֿÚזַÊ;;Þ׃ד ַבדזַֿׁ ַבָװׁםֹ;sader\6\721.pdf;ÊÞ;05-Jun-24;6;2024
1584;ָבַ;ָבַ;;726;06-Jun-24;ָבַ;דװׁזÚ Êױבםֽ ַבַׁÝÚֹ ׃הַד;;ַבד׃ַÝה;sader\6\726.pdf;ÊÞ;06-Jun-24;6;2024
1585;ָבַ;ָבַ;;727;06-Jun-24;ָבַ;ֵײַÝֹ ÊÛםםַׁÊ Úבל ַבדהַÞױֹ 18/דזַהֶ/2024 װֱַׁ ׃ַַׁÊ װÝׁזבםֹ;;ַבÝַז;sader\6\727.pdf;ÊÞ;06-Jun-24;6;2024
1586;ָבַ;ָבַ;;728;06-Jun-24;ָבַ;ַבֿÚזֹ 1/דזַהֶ/2023 Êױבםֽ ַבֽÝַֹׁ Êֽׁםׁ ום׃ßז;;ַבדַבםֹ;sader\6\728.pdf;ֽם;06-Jun-24;6;2024
1587;ָבַ;ָבַ;;735;;ָבַ;ָבַ;;ָבַ;sader\6\735.pdf;ֽם;10-Jun-24;;
1588;ָבַ;ָבַ;;735;09-Jun-24;ָבַ;Êױבםֽ ַבַׁÝÚֹ ׃הַד;;ַבד׃ַÝה;sader\6\735.pdf;ֽם;10-Jun-24;6;2024
1589;ָבַ;ָבַ;;734;09-Jun-24;ָבַ;Êױבםֽ ָּ ַבַׁÝÚֹ ֽדׁםה13/דזַהֶ/2024;;בּהֹ ַבַֿׁ׃ֹ זַבÊֽבםב;sader\6\734.pdf;ֽם;10-Jun-24;6;2024
1590;ָבַ;ָבַ;;743;11-Jun-24;ָבַ;ַ׃ÊÝ׃ַׁ;;בּהֹ ַבַֿׁ׃ֹ;sader\6\734.pdf;ֽם;11-Jun-24;6;2024
1591;ָבַ;ָבַ;;744;11-Jun-24;ָבַ;ַÚדַד ַ׃ÊדַַׁÊ ַב־ַױֹ ַָבבּהֹ ַבÝׁÚםֹ;;ַבדזַֿׁ ַבָװׁםֹ;sader\6\744.pdf;ֽם;11-Jun-24;6;2024
1592;ָבַ;ָבַ;;746;11-Jun-24;ָבַ;ַבַÚÊדַֿ ַבד׃Êהֿם 2231923 דהַÞױֹ 2/דזַהֶ/2022;;ַב׃ם״ֹׁ זַבÊזּםו ַבָֽׁם;sader\6\746.pdf;ֽם;11-Jun-24;6;2024
1593;ָבַ;ָבַ;;745;11-Jun-24;ָבַ;ַבַÚÊדַֿ ַבד׃Êהֿם  2231823 3/דזַהֶ/2022;;Þ׃ד ַב׃ם״ֹׁ זַבÊזּםו ַבָֽׁם;sader\6\745.pdf;ֽם;11-Jun-24;6;2024
1594;ָבַ;ָבַ;;749;11-Jun-24;ָבַ;ÊֿÞםÞ דהַÞױֹ 10/דזַהֶ/2024;;ַבÞַהזהם;sader\6\751-749.pdf;ֽם;12-Jun-24;6;2024
1596;ָבַ;ָבַ;;754;12-Jun-24;ָבַ;Êֻדםה ּוזֿ בַּה ַבÊֽבםב;;ַב׃םֿ ַבדֿםׁ ַבÚַד;sader\6\754.pdf;ֽם;12-Jun-24;6;2024
1597;ָבַ;ָבַ;;-;;ָבַ;ָבַ;;ָבַ;;ֽם;12-Jun-24;;
1598;13537;ָבַ;;ָבַ;;ָבַ;ַבדהַÞױֹ 10 דזַהלֱ 2024 ַÚדַב ַהװֱַ ßÊÝ זÊװּםׁ ״ׁםÞ  דֿ־ב דםהֶַם ַד Þױׁ ַבװדַבם זַבּהזָם;;װׁßֹ ה־ָֹ ַבָױֹׁ;sader\6\13537.pdf;ֽם;12-Jun-24;6;2024
1599;13721;ָבַ;;ָבַ;;ָבַ;דזַÞÝ;;זַׁׂו ַבהÞב ַבÚÞזֿ זַבÊַׁ־םױ;sader\6\13721.pdf;ֽם;12-Jun-24;6;2024
1600;13719;ָבַ;;ָבַ;;ָבַ;ַ׃Êßדַב דÊ״בַָÊ;;װׁßֹ ַבָםַה;sader\6\13719.pdf;ֽם;12-Jun-24;6;2024
1601;ָבַ;ָבַ;;13719;12-Jun-24;ָבַ;ַ׃Êßדַב דÊ״בַָÊ 11/דזַהֶ/2024;;װׁßֹ ַבָםַה בב־ֿדַÊ ַבהÝ״םֹ;sader\6\13719.pdf;ֽם;12-Jun-24;6;2024
1602;ָבַ;ָבַ;;13721;12-Jun-24;ָבַ;דזַÞÝ;;זַֹׁׂ ַבהÞב ַבÚÞזֿ זַבÊַׁ־םױ דÊַָÚֹ ַבÚÞזֿ;sader\6\13721.pdf;ֽם;12-Jun-24;6;2024
1603;ָבַ;ָבַ;;13537;11-Jun-24;ָבַ;דהַÞױֹ 10/דזַהֶ/2023 ַÚדַב ַהװֱַ ßÊÝ זÊװּםׁ;;װׁßֹ ה־ָֹ ַבָױֹׁ בבדÞַזבַÊ;sader\6\13537.pdf;ֽם;12-Jun-24;6;2024
1604;ָבַ;ָבַ;;751;11-Jun-24;ָבַ;ָבַ;;ָבַ;;ֽם;12-Jun-24;6;2024
1605;ָבַ;ָבַ;;768;23-Jun-24;ָבַ;הװׁ ÊÛםםׁ ÛבÞ 21/דזַהֶ/2024 ׃םַַׁÊ ÊזםזÊַ21;;ַבÚבַÞַÊ ַבÚַדֹ;sader\6\768.pdf;ֽם;23-Jun-24;6;2024
1606;ָבַ;ָבַ;;769;23-Jun-24;ָבַ;הװׁ ַÚבַה בבדֹׁ ַבַֻהםֹ 18/דזַהֶ/2024 װֱַׁ ׃םַַׁÊ הזÚ װזÝׁבםÊ;;װÚָֹ ַבÚבַÞַÊ ַבÚַדֹ;sader\6\769.pdf;ֽם;23-Jun-24;6;2024
1607;ָבַ;ָבַ;;770;23-Jun-24;ָבַ;דװׁזÚ Êױבםֽ ַבַׁÝÚֹ ׃הַד;;ַבד׃ַÝה;sader\6\770.pdf;ֽם;23-Jun-24;6;2024
1608;ָבַ;ָבַ;;773;23-Jun-24;ָבַ;ַבÊַדםה Úבל ַבזַֽֿÊ ַבָֽׁםֹ;;ַבװִזה ַבָֽׁםֹ;sader\6\773.pdf;ֽם;24-Jun-24;6;2024
1609;ָבַ;ָבַ;;774;24-Jun-24;ָבַ;ÊÚֿםב דÚַםםׁ ַבÊÞםםד זַבÊַוםב 7/דזַהֶ/2024;;ַבװִזה ַבוהֿ׃םֹ;sader\6\774.pdf;ֽם;24-Jun-24;6;2024
1610;ָבַ;ָבַ;;775;24-Jun-24;ָבַ;ֵÚַֹֿ ַÚבַה ַבדהַÞױֹ ַבדׁÞדֹ 1/דזַהֶ/2024 בבדֹׁ ַבַֻבֹֻ;;ַבװִזה ַבוהֿ׃םֹ;sader\6\775.pdf;ֽם;24-Jun-24;6;2024
1611;ָבַ;ָבַ;;777;24-Jun-24;ָבַ;Êדֿםֿ ־״ַָ ײדַה ֽ׃ה ַבÊהÝם׀  10/דזַהֶ/2022;;ַבדַבםֹ ַבַÚÊדַַֿÊ ַבד׃Êהֿםֹ;sader\6\777.pdf;ֽם;24-Jun-24;6;2024
1612;ָבַ;ָבַ;;776;24-Jun-24;ָבַ;ַבַÚÊדַֿ ַבד׃Êהֿם ַבדׁÞד 2231823 ÚÞֿ ַבדהַÞױֹ 3/דזַהֶ/2022;;ַבדַבםֹ ַבַÚÊדַַֿÊ ַבד׃Êהֿםֹ;sader\6\776.pdf;ֽם;24-Jun-24;6;2024
1613;ָבַ;ָבַ;;778;24-Jun-24;ָבַ;דבֽÞ ÚÞֿ 9/793 בבדהַÞױֹ 3/דזַהֶ/2022 Êּוםׂ ׂזׁÞ ֵ״Ýֱַ;;ַבÞַהזהם;sader\6\778.pdf;ֽם;24-Jun-24;6;2024
1614;ָבַ;ָבַ;;779;24-Jun-24;ָבַ;ÚÞֿ ַבדהַÞױֹ 3/דזַהֶ/2022 ׁ׃ַבֹ utm;;ַבװִזה ַבָֽׁםֹ;sader\6\879.pdf;ֽם;24-Jun-24;6;2024
1615;ָבַ;ָבַ;;881;26-Jun-24;ָבַ;ַ׃Êßדַב דÊ״בַָÊ;;Þ׃ד ַב׃ם״ׁו זַבÊזּםֹ ַבָֽׁם;sader\6\881.pdf;ֽם;26-Jun-24;6;2024
1616;ָבַ;ָבַ;;753;12-Jun-24;ָבַ;״בָ ַזבםַÊ דװׁזÚ דהÙדֹ ַבÊÚׁםÝ ַבַבם בב׃Ýה als;;Þ׃ד ַבַÊױַבַÊ זַבׁױַֿבָֽׁם;sader\6\753.pdf;ÊÞ;27-Jun-24;6;2024
1617;ָבַ;ָבַ;;886;27-Jun-24;ָבַ;ÚÞֿ ַבדהַÞױֹ 2 דזַהלֱ /2022;;Þ׃ד ַב׃ם״ׁו  זַבÊזּםֹ ַבָֽׁם;sader\6\886.pdf;ÊÞ;30-Jun-24;6;2024
1618;ָבַ;ָבַ;;892;30-Jun-24;ָבַ;ַזבםַÊ / ָ־ױזױ װׁßֹ ַבדײַםÝ;;ַבÞ׃ד ַבÊַּׁם;sader\6\892.pdf;ÊÞ;30-Jun-24;6;2024
1619;ָבַ;ָבַ;;891;27-Jun-24;ָבַ;ַבַÚÊדַֿ ַבד׃Êהֿם ַב־ַױ ָÚֿ ַבֿÚזו 1 דזַהלֱ 2023;;ַבÞ׃ד ַבדַבם;sader\6\891.pdf;ÊÞ;30-Jun-24;6;2024
1620;ָבַ;ָבַ;;890;27-Jun-24;ָבַ;ַבדהַÞױֹ 13 דזַהלֱ 2024;;ַבÞ׃ד ַבÞַהזהם;sader\6\890.pdf;ÊÞ;30-Jun-24;6;2024
1621;ָבַ;ָבַ;;993;01-Jul-24;ָבַ;ַבדהַÞױֹ  ַבדׁÞדֹ 19 דזַהלֱ 2024;;Þ׃ד ַבד׃ַÝה זַבױהַÚַÊ ַבָֽׁםֹ;sader\7\993.pdf;ֽם;01-Jul-24;7;2024
1622;ָבַ;ָבַ;;994;01-Jul-24;ָבַ;ÚÞֿ דהַÞױֹ 3 דזַהלֱ 2022;;Þ׃ד ַבװִזה ַבָֽׁםֹ;sader\7\994.pdf;ֽם;01-Jul-24;7;2024
1623;ָבַ;ָבַ;;995;01-Jul-24;ָבַ;דזÞÝ ָדהַÞױַÊ ַב־״ֹ ַבÊװÛםבםֹ ב׃הו 2024;;Þ׃ד ַבÊ־״ם״ זַבדÊַָÚֹ;sader\7\995.pdf;ֽם;01-Jul-24;7;2024
1624;ָבַ;ָבַ;;999;02-Jul-24;ָבַ;ַבדהַÞױֹ ַבדׁÞדֹ 20 דזַהלֱ 2024;;Þ׃דַבבַהÞַ׀ ַבָֽׁם;sader\7\999.pdf;ֽם;02-Jul-24;7;2024
1625;ָבַ;ָבַ;;1000;02-Jul-24;ָבַ;ַבדהַÞױֹ ַבדׁÞדֹ 21 דזַהלֱ 2024 װֱַׁ ׃םַַׁÊ ÊזםזÊַ;;וםֶֹ ַבÞׁײ ַבםַַָהם;sader\7\1000.pdf;ֽם;02-Jul-24;7;2024
1626;ָבַ;ָבַ;;1004;02-Jul-24;ָבַ;ַבדהַÞױֹ 11 דזַהלֱ 2024 הױָ זÊװÛםב דֽ״ֹ בַ׃בßם ַבדÚÞב;;Þ׃ד ַבַÊױַבַÊ זַבׁױֿ ַבָֽׁם;sader\7\1004.pdf;ֽם;02-Jul-24;7;2024
1627;ָבַ;ָבַ;;1003;02-Jul-24;ָבַ;ַבדהַÞױֹ ַבדׁÞדֹ 13 דזַהלֱ 2024 Êױבםֽ ָּ ַבַׁÝÚֹ ֽדׁםה;;Þ׃ד ַבֵהÞַ׀ ַבָֽׁם;sader\7\1003.pdf;ֽם;02-Jul-24;7;2024
1628;ָבַ;ָבַ;;997;01-Jul-24;ָבַ;דהַÞױֹ 10דזַהֶ/2023 Êַםםֿ ÊזÝׁ ַÚÊדַֿ דַבם;;ַבדַבםֹ;sader\7\9971.pdf;ֽם;03-Jul-24;7;2024
1630;15059;ָבַ;;ָבַ;;ָבַ;ָםַה ֳׁם;;ֿםזַה ַבׁÞַָֹ ַבדַבםֹ ַבַÊַֽֿם;sader\7\10509.pdf;ֽם;04-Jul-24;7;2024
1631;15060;ָבַ;;ָבַ;;ָבַ;ָםַה ֳׁם;;ֿםזַה ַבׁÞַָֹ ַבדַבםֹ ַבַÊַֽֿם;sader\7\15060.pdf;ֽם;04-Jul-24;7;2024
1632;15061;ָבַ;;ָבַ;;ָבַ;ָםַה ֳׁם;;ֿםזַה ַבׁÞַָֹ ַבדַבםֹ ַבַÊַֽֿם;sader\7\15061.pdf;ֽם;04-Jul-24;7;2024
1633;15058;ָבַ;;ָבַ;;ָבַ;ָםַה ֳׁם;;ֿםזַה ַבׁÞַָֹ ַבדַבםֹ ַבַÊַֽֿם;sader\7\15058.pdf;ֽם;04-Jul-24;7;2024
1634;ָבַ;ָבַ;;1016;04-Jul-24;ָבַ;ÚÞֿ ַבֿÚזֹ 1 דזַהלֱ 2023 Êױבםֽ ַבֽÝַׁו Êֽׁםׁ;;Þ׃ד ַבֽÝׁ ַבָֽׁם;sader\7\1016.pdf;ÊÞ;04-Jul-24;7;2024
1635;15122;ָבַ;;15122;04-Jul-24;ָבַ;ַזבםַÊ װׁßֹ ַבדײַםÝ בהÞב;;ָבַ;sader\7\15122.pdf;ÊÞ;04-Jul-24;7;2024
